id,medicine_id,quantity,total,profit,cart_id,created_at
1,143,1,64.95,16.24,658,2026-04-09T11:40:15
2,584,1,76.77,19.19,484,2026-09-06T12:51:28
3,485,2,95.96,23.98,579,2026-03-20T17:55:02
4,227,4,557.84,139.48,706,2026-03-15T13:38:15
5,581,3,182.88,45.72,684,2026-05-26T10:05:50
6,758,1,74.78,18.7,690,2026-03-02T19:25:54
7,670,3,293.25,73.32,47,2026-12-09T12:12:25
8,258,2,142.0,35.5,298,2026-04-27T10:47:49
9,577,4,385.88,96.48,259,2026-03-23T20:59:45
10,8,1,80.24,20.06,154,2026-08-13T19:32:15
11,327,2,160.08,40.02,49,2026-09-11T18:30:06
12,58,5,695.4,173.85,193,2026-04-02T08:02:37
13,45,1,106.53,26.63,217,2026-06-17T19:55:27
14,661,4,564.56,141.12,339,2026-07-12T16:26:07
15,491,2,183.72,45.92,317,2026-11-01T11:18:17
16,823,4,411.6,102.92,226,2026-12-10T14:22:41
17,808,4,524.96,131.24,542,2026-02-11T12:47:26
18,753,2,126.56,31.64,477,2026-08-07T13:48:04
19,838,5,338.2,84.55,747,2026-07-19T18:24:22
20,721,5,334.6,83.65,594,2026-06-26T14:00:02
21,805,2,223.38,55.84,459,2026-03-06T17:53:25
22,755,3,261.18,65.31,653,2026-02-01T17:10:11
23,909,2,124.78,31.2,750,2026-06-12T15:58:37
24,650,3,387.27,96.81,203,2026-11-05T11:31:25
25,424,1,55.49,13.87,292,2026-07-10T11:03:11
26,634,4,104.04,26.0,80,2026-08-05T10:37:35
27,147,1,22.1,5.53,206,2026-11-25T10:19:57
28,688,2,197.58,49.4,171,2026-01-03T19:43:42
29,967,3,281.43,70.35,137,2026-01-15T20:27:43
30,662,5,626.5,156.6,203,2026-09-15T16:59:13
31,676,3,353.1,88.29,413,2026-11-20T08:03:28
32,518,2,120.78,30.2,409,2026-07-13T17:19:44
33,576,2,152.18,38.04,701,2026-11-19T18:19:13
34,531,4,342.88,85.72,699,2026-12-01T16:20:21
35,594,2,126.9,31.72,649,2026-03-19T15:50:11
36,387,4,374.08,93.52,150,2026-03-11T15:47:52
37,163,4,207.44,51.84,312,2026-09-27T19:38:45
38,170,4,579.68,144.92,746,2026-08-06T11:49:43
39,697,2,105.86,26.46,258,2026-07-13T09:02:22
40,103,3,293.79,73.44,396,2026-09-02T14:55:32
41,406,2,170.56,42.64,563,2026-12-24T16:44:33
42,979,4,570.16,142.52,631,2026-05-09T17:57:16
43,911,1,118.01,29.5,697,2026-02-17T14:39:45
44,332,4,496.0,124.0,236,2026-05-02T16:34:14
45,713,2,265.9,66.48,558,2026-09-01T09:25:37
46,759,2,109.64,27.42,431,2026-03-21T20:58:13
47,506,4,393.28,98.32,254,2026-02-25T18:56:10
48,164,1,29.98,7.5,221,2026-09-25T13:11:01
49,7,2,102.52,25.62,102,2026-03-07T09:59:12
50,249,4,411.32,102.84,703,2026-11-03T12:49:00
51,608,5,215.35,53.85,172,2026-01-06T11:07:35
52,610,4,331.64,82.92,36,2026-03-20T13:38:01
53,920,2,65.4,16.36,468,2026-11-11T14:57:36
54,715,1,21.01,5.25,6,2026-11-19T18:48:47
55,82,4,275.64,68.92,351,2026-03-10T12:33:15
56,264,2,243.88,60.96,523,2026-02-12T09:20:18
57,737,4,238.32,59.56,634,2026-02-15T18:03:57
58,733,5,393.95,98.5,137,2026-03-18T10:57:02
59,865,3,80.76,20.19,639,2026-11-24T19:33:00
60,882,5,706.5,176.65,207,2026-11-23T17:41:07
61,184,2,83.62,20.9,390,2026-01-12T17:55:45
62,220,2,108.98,27.24,78,2026-03-22T19:48:22
63,192,4,279.88,69.96,370,2026-11-28T08:56:10
64,91,2,69.04,17.26,448,2026-10-12T19:18:10
65,542,2,83.54,20.88,396,2026-11-01T09:47:48
66,86,4,311.88,77.96,114,2026-07-15T20:53:47
67,550,4,463.16,115.8,613,2026-03-11T09:21:12
68,520,4,534.84,133.72,174,2026-08-08T20:01:10
69,176,1,99.92,24.98,307,2026-08-22T20:59:21
70,214,1,56.78,14.2,690,2026-06-26T11:04:38
71,535,3,363.93,90.99,63,2026-01-15T13:50:20
72,3,5,268.65,67.15,328,2026-09-10T14:59:31
73,458,1,50.25,12.56,509,2026-07-15T17:31:03
74,752,1,92.69,23.17,744,2026-01-21T15:25:17
75,676,3,384.0,96.0,348,2026-06-11T19:57:00
76,87,4,549.44,137.36,453,2026-08-21T17:28:15
77,953,2,182.6,45.64,579,2026-02-28T19:35:58
78,242,2,42.82,10.7,111,2026-03-03T11:16:01
79,438,2,260.96,65.24,547,2026-02-20T17:02:23
80,31,2,118.74,29.68,411,2026-02-03T18:30:40
81,731,3,393.78,98.43,487,2026-12-03T15:03:42
82,403,3,270.9,67.71,451,2026-09-18T14:12:40
83,674,1,41.26,10.31,261,2026-08-24T18:38:01
84,316,3,271.77,67.95,83,2026-09-22T16:07:36
85,64,1,32.97,8.24,281,2026-12-14T15:50:44
86,412,4,308.28,77.08,73,2026-03-09T17:25:47
87,30,1,82.91,20.73,582,2026-02-15T14:19:21
88,77,4,532.4,133.08,478,2026-03-05T18:13:35
89,5,3,334.56,83.64,359,2026-05-15T16:55:10
90,451,4,421.72,105.44,331,2026-12-05T08:39:58
91,362,5,518.8,129.7,187,2026-09-19T16:30:50
92,242,3,336.42,84.12,511,2026-08-06T17:38:56
93,973,2,95.88,23.96,743,2026-12-16T18:40:01
94,168,3,71.7,17.91,628,2026-10-17T14:42:27
95,201,5,619.95,155.0,316,2026-05-18T12:17:08
96,694,4,209.2,52.28,571,2026-06-24T20:25:50
97,694,3,111.03,27.75,246,2026-09-24T16:26:42
98,465,4,166.32,41.56,160,2026-04-11T11:53:15
99,878,3,409.02,102.27,400,2026-01-28T09:26:27
100,200,2,110.24,27.56,61,2026-05-23T10:05:23
101,408,2,106.42,26.6,706,2026-03-28T14:13:25
102,176,5,461.8,115.45,187,2026-04-12T15:02:18
103,283,3,201.87,50.46,734,2026-12-21T12:13:17
104,893,3,424.26,106.05,87,2026-02-15T13:16:56
105,590,3,174.27,43.56,582,2026-08-21T12:10:48
106,833,1,102.13,25.53,545,2026-03-28T18:49:19
107,388,2,171.48,42.86,376,2026-03-20T09:07:58
108,418,3,353.46,88.35,658,2026-05-22T14:18:11
109,601,5,671.0,167.75,453,2026-05-15T19:13:20
110,220,5,501.9,125.45,508,2026-11-19T20:07:23
111,246,1,27.95,6.99,324,2026-05-12T18:04:51
112,542,2,262.72,65.68,492,2026-11-08T08:21:29
113,833,5,211.5,52.85,333,2026-02-01T19:32:05
114,144,3,217.77,54.45,308,2026-12-16T16:40:43
115,846,4,568.68,142.16,316,2026-12-02T18:04:58
116,276,4,86.88,21.72,431,2026-02-24T08:24:51
117,886,5,507.35,126.85,249,2026-05-20T09:56:51
118,151,1,87.45,21.86,503,2026-07-11T08:27:04
119,870,3,230.73,57.69,359,2026-02-04T10:20:00
120,143,2,61.16,15.28,46,2026-05-25T08:11:58
121,493,2,185.06,46.26,636,2026-09-08T18:08:07
122,948,2,55.62,13.9,401,2026-05-24T19:39:35
123,303,2,136.7,34.18,474,2026-07-20T17:52:40
124,771,4,342.72,85.68,268,2026-01-02T18:04:18
125,87,3,386.88,96.72,140,2026-07-01T18:30:14
126,863,4,168.2,42.04,723,2026-02-23T13:37:23
127,174,5,558.0,139.5,330,2026-08-11T18:30:44
128,448,2,272.8,68.2,502,2026-10-08T08:21:20
129,511,4,378.88,94.72,676,2026-07-15T14:01:30
130,320,1,25.25,6.31,601,2026-10-09T19:43:34
131,106,3,61.74,15.42,288,2026-10-02T11:21:51
132,445,1,133.69,33.42,544,2026-09-21T14:39:40
133,393,4,452.68,113.16,633,2026-04-12T12:43:29
134,929,4,88.88,22.2,498,2026-02-26T10:05:03
135,91,5,289.15,72.3,399,2026-11-05T14:19:53
136,672,3,416.79,104.19,540,2026-03-28T12:22:37
137,301,1,85.22,21.3,622,2026-06-13T13:15:21
138,162,3,309.96,77.49,482,2026-12-19T13:02:52
139,458,4,559.0,139.76,372,2026-08-08T15:56:55
140,259,5,628.05,157.0,745,2026-12-24T10:21:04
141,175,2,285.22,71.3,565,2026-07-15T20:37:54
142,656,1,30.7,7.67,504,2026-03-28T10:54:30
143,604,2,201.5,50.38,577,2026-06-06T11:50:39
144,407,4,212.48,53.12,599,2026-03-02T11:42:33
145,348,3,74.85,18.72,1,2026-09-09T20:05:21
146,585,1,142.37,35.59,290,2026-07-19T19:20:30
147,911,3,146.34,36.6,712,2026-02-23T11:43:38
148,892,4,275.08,68.76,254,2026-03-20T12:26:04
149,320,2,227.98,57.0,172,2026-05-02T16:22:09
150,23,4,491.12,122.8,210,2026-07-03T09:33:38
151,511,5,422.4,105.6,460,2026-09-06T18:24:57
152,358,5,680.5,170.1,194,2026-12-17T08:18:06
153,729,5,142.85,35.7,88,2026-01-08T11:53:47
154,823,2,55.9,13.98,383,2026-05-03T16:41:19
155,256,4,419.4,104.84,441,2026-11-06T18:01:40
156,620,2,62.66,15.66,483,2026-12-06T18:58:04
157,33,5,256.2,64.05,426,2026-12-24T14:31:29
158,802,4,316.56,79.16,427,2026-08-13T12:22:22
159,306,3,300.81,75.21,60,2026-05-17T09:39:21
160,826,3,138.81,34.71,740,2026-02-02T10:24:39
161,210,5,304.85,76.2,211,2026-01-18T17:46:48
162,139,2,219.7,54.92,194,2026-04-12T18:47:04
163,319,5,304.7,76.15,30,2026-01-05T14:16:01
164,443,2,248.08,62.02,433,2026-07-15T12:45:06
165,328,1,117.03,29.26,305,2026-09-16T14:10:06
166,955,4,578.76,144.68,576,2026-12-09T18:08:29
167,714,5,394.85,98.7,56,2026-10-10T08:27:36
168,336,4,557.48,139.36,354,2026-11-02T10:14:47
169,817,3,257.82,64.44,212,2026-08-25T09:10:23
170,560,2,179.62,44.9,544,2026-10-22T19:37:19
171,851,5,332.85,83.2,85,2026-11-24T13:39:37
172,69,5,279.6,69.9,404,2026-05-14T12:49:20
173,148,2,254.42,63.6,7,2026-05-03T13:10:19
174,894,2,294.36,73.6,539,2026-08-18T13:21:16
175,506,1,122.37,30.59,515,2026-08-20T18:22:48
176,47,1,136.13,34.03,309,2026-08-02T19:59:39
177,696,2,150.12,37.54,147,2026-01-24T10:58:32
178,715,1,27.45,6.86,708,2026-11-03T15:30:57
179,729,1,127.73,31.93,508,2026-05-23T14:02:43
180,255,1,73.77,18.44,227,2026-01-24T15:37:39
181,131,1,70.09,17.52,275,2026-08-11T10:31:22
182,296,2,226.56,56.64,729,2026-03-25T16:48:25
183,502,5,320.0,80.0,93,2026-11-02T14:58:56
184,401,5,708.1,177.05,72,2026-06-24T15:07:44
185,333,3,385.98,96.48,694,2026-02-28T14:26:35
186,597,3,442.35,110.58,580,2026-07-24T11:24:16
187,418,1,64.41,16.1,380,2026-02-23T14:07:55
188,929,1,48.48,12.12,602,2026-07-07T10:08:16
189,929,3,423.12,105.78,524,2026-06-13T17:25:04
190,608,2,61.2,15.3,149,2026-10-15T19:57:19
191,572,4,381.48,95.36,567,2026-09-16T17:48:52
192,520,5,743.75,185.95,203,2026-10-14T11:03:22
193,166,4,406.04,101.52,267,2026-07-19T10:11:48
194,356,5,575.65,143.9,433,2026-03-08T08:07:08
195,495,3,218.1,54.54,736,2026-02-16T14:13:06
196,772,5,158.8,39.7,515,2026-04-15T18:41:01
197,857,5,335.85,83.95,355,2026-07-01T14:50:09
198,178,2,43.14,10.78,194,2026-07-16T11:41:47
199,362,4,316.48,79.12,401,2026-03-25T17:33:19
200,820,1,20.24,5.06,306,2026-12-02T11:54:47
201,164,4,185.68,46.44,224,2026-05-25T16:11:45
202,456,3,397.29,99.33,391,2026-12-26T13:08:43
203,743,2,244.64,61.16,424,2026-02-18T16:44:48
204,155,1,145.49,36.37,554,2026-11-27T14:54:52
205,689,5,314.2,78.55,683,2026-03-22T09:35:21
206,205,1,112.32,28.08,97,2026-09-25T09:29:31
207,815,5,119.5,29.85,215,2026-07-13T14:14:25
208,667,5,297.4,74.35,180,2026-11-08T10:26:54
209,335,5,435.0,108.75,345,2026-04-07T18:31:39
210,51,2,213.64,53.4,616,2026-01-27T11:31:23
211,224,3,306.84,76.71,203,2026-11-07T10:45:16
212,758,3,109.2,27.3,706,2026-12-11T14:28:53
213,101,5,510.4,127.6,49,2026-01-12T14:32:29
214,569,1,79.29,19.82,69,2026-12-28T20:25:21
215,156,3,391.2,97.8,638,2026-09-20T09:32:22
216,164,5,721.55,180.4,244,2026-01-23T09:20:07
217,284,5,403.4,100.85,509,2026-05-19T09:15:25
218,744,1,73.07,18.27,361,2026-07-27T13:08:32
219,924,2,289.28,72.32,721,2026-02-27T17:41:20
220,673,3,336.3,84.06,578,2026-03-19T12:35:54
221,270,5,606.15,151.55,195,2026-12-28T13:29:30
222,854,4,529.0,132.24,79,2026-09-18T14:21:40
223,349,1,121.0,30.25,35,2026-12-12T17:22:46
224,410,4,348.08,87.0,146,2026-10-23T18:47:50
225,783,3,434.13,108.54,606,2026-07-26T08:59:07
226,594,3,93.9,23.49,653,2026-01-14T14:06:35
227,794,3,321.84,80.46,420,2026-12-17T15:34:02
228,959,4,150.64,37.64,685,2026-01-28T11:59:40
229,730,2,183.16,45.78,563,2026-02-06T08:48:58
230,592,5,377.5,94.4,489,2026-04-15T10:01:12
231,663,4,196.24,49.08,257,2026-07-12T14:30:00
232,472,1,95.31,23.83,714,2026-06-13T18:54:20
233,503,3,387.21,96.81,199,2026-08-16T08:20:16
234,401,4,184.64,46.16,250,2026-07-09T19:38:00
235,605,3,165.51,41.37,436,2026-12-08T19:42:03
236,774,3,261.81,65.46,515,2026-09-04T08:54:10
237,339,2,295.06,73.76,140,2026-07-27T14:08:20
238,279,4,484.24,121.08,50,2026-10-11T16:03:19
239,15,1,121.35,30.34,396,2026-06-20T20:29:49
240,751,1,25.32,6.33,73,2026-01-15T11:33:32
241,961,3,160.47,40.11,452,2026-11-10T19:31:18
242,250,4,471.68,117.92,238,2026-09-20T12:06:13
243,110,5,445.25,111.3,590,2026-08-03T16:14:09
244,112,2,289.36,72.34,359,2026-03-22T16:40:16
245,671,2,133.2,33.3,70,2026-02-19T18:02:12
246,774,3,294.45,73.62,15,2026-03-22T17:18:04
247,846,2,121.52,30.38,460,2026-12-22T11:48:49
248,143,2,185.04,46.26,727,2026-11-14T15:24:54
249,441,1,149.19,37.3,397,2026-12-17T17:20:57
250,858,1,136.25,34.06,318,2026-11-07T17:39:52
251,482,5,241.6,60.4,473,2026-05-22T19:41:12
252,22,5,164.95,41.25,202,2026-04-06T19:48:36
253,681,2,204.74,51.18,701,2026-12-01T10:24:48
254,392,2,172.54,43.14,5,2026-02-12T12:35:05
255,565,3,105.72,26.43,229,2026-02-27T15:32:26
256,58,3,230.7,57.69,460,2026-08-16T09:37:08
257,722,5,459.25,114.8,139,2026-04-02T10:33:28
258,328,4,220.32,55.08,367,2026-04-22T08:13:26
259,14,4,307.72,76.92,543,2026-02-20T18:10:17
260,778,5,406.9,101.7,180,2026-06-11T20:56:29
261,66,2,280.1,70.02,289,2026-08-09T19:23:06
262,712,3,183.39,45.84,464,2026-03-12T15:46:19
263,827,3,324.39,81.09,531,2026-06-05T19:26:41
264,864,5,472.75,118.2,50,2026-09-12T09:48:59
265,106,1,60.91,15.23,444,2026-04-26T11:34:55
266,353,1,61.57,15.39,439,2026-12-14T15:02:41
267,378,1,105.93,26.48,545,2026-10-18T11:32:47
268,215,1,131.73,32.93,229,2026-07-11T19:03:11
269,778,4,246.4,61.6,439,2026-04-21T12:47:47
270,922,3,206.97,51.75,705,2026-04-25T16:36:09
271,251,3,303.24,75.81,369,2026-05-25T13:28:03
272,348,1,61.18,15.29,346,2026-09-21T10:25:12
273,549,5,104.9,26.25,656,2026-03-09T18:47:55
274,930,2,160.64,40.16,387,2026-11-17T19:42:24
275,792,2,225.96,56.5,705,2026-10-15T19:16:30
276,428,2,287.7,71.92,221,2026-01-07T18:35:22
277,668,3,243.15,60.78,455,2026-07-17T09:36:55
278,194,1,123.55,30.89,159,2026-12-19T12:05:49
279,814,2,282.62,70.66,719,2026-03-17T20:44:00
280,888,4,176.44,44.12,247,2026-12-04T16:23:17
281,350,3,168.51,42.12,553,2026-06-18T16:56:59
282,939,2,62.24,15.56,4,2026-04-12T14:14:01
283,208,2,171.32,42.82,442,2026-04-11T18:19:55
284,628,1,60.09,15.02,458,2026-06-15T09:27:53
285,813,5,479.75,119.95,448,2026-02-07T10:49:47
286,813,3,83.28,20.82,428,2026-09-14T16:20:24
287,300,2,117.5,29.38,396,2026-11-22T16:52:55
288,966,5,213.65,53.4,21,2026-06-18T15:11:33
289,613,3,214.08,53.52,681,2026-07-07T09:25:12
290,250,1,130.75,32.69,301,2026-01-04T15:10:47
291,404,2,173.68,43.42,15,2026-04-23T14:19:38
292,51,5,636.5,159.1,291,2026-05-19T09:40:05
293,444,2,106.08,26.52,668,2026-11-02T11:06:03
294,731,1,70.46,17.61,241,2026-07-06T20:09:33
295,281,3,386.46,96.6,314,2026-05-25T08:34:40
296,340,4,399.96,100.0,388,2026-03-19T13:04:48
297,858,1,102.4,25.6,524,2026-09-14T09:02:24
298,749,4,468.68,117.16,676,2026-03-28T14:57:00
299,304,4,387.4,96.84,653,2026-08-09T17:42:21
300,205,5,639.05,159.75,640,2026-12-13T10:57:19
301,285,1,145.37,36.34,427,2026-11-16T16:34:18
302,328,4,534.28,133.56,227,2026-02-14T13:03:55
303,182,3,119.61,29.91,217,2026-06-09T19:16:54
304,856,1,79.92,19.98,70,2026-11-15T20:10:39
305,529,3,69.36,17.34,250,2026-06-21T19:01:53
306,436,4,311.16,77.8,259,2026-04-08T18:12:49
307,125,4,477.24,119.32,261,2026-10-25T13:22:16
308,754,1,42.19,10.55,566,2026-05-25T20:37:11
309,161,1,126.69,31.67,185,2026-06-26T18:11:03
310,522,5,658.7,164.7,697,2026-03-04T15:55:25
311,561,1,35.63,8.91,162,2026-10-14T10:21:02
312,872,3,356.1,89.04,489,2026-12-05T12:47:58
313,615,1,50.12,12.53,616,2026-04-02T11:52:44
314,769,2,135.0,33.76,173,2026-05-20T14:52:09
315,808,2,185.9,46.48,518,2026-05-02T20:58:59
316,972,2,165.28,41.32,403,2026-05-07T17:37:37
317,273,2,259.18,64.8,576,2026-12-17T08:12:14
318,27,5,367.1,91.8,261,2026-05-18T14:41:15
319,850,2,193.6,48.4,48,2026-01-11T08:48:53
320,279,5,655.7,163.9,677,2026-06-19T08:53:20
321,121,5,181.4,45.35,217,2026-08-06T09:03:39
322,54,4,211.64,52.92,264,2026-10-23T11:36:06
323,709,1,81.32,20.33,497,2026-12-01T08:12:45
324,263,3,213.84,53.46,696,2026-09-13T13:43:59
325,499,2,164.5,41.12,285,2026-07-13T08:28:08
326,225,4,276.8,69.2,60,2026-08-09T09:09:00
327,572,1,90.62,22.66,198,2026-09-20T11:32:40
328,158,3,387.69,96.93,136,2026-01-10T11:37:15
329,793,3,105.63,26.4,19,2026-07-20T20:45:21
330,495,4,274.2,68.56,707,2026-07-18T12:35:59
331,53,2,213.28,53.32,102,2026-04-13T15:33:04
332,471,3,118.29,29.58,664,2026-04-11T11:31:24
333,908,3,121.14,30.3,528,2026-10-08T08:13:39
334,782,3,153.72,38.43,376,2026-12-23T14:02:33
335,670,5,738.1,184.55,193,2026-10-26T16:53:29
336,901,2,115.48,28.88,31,2026-02-09T17:51:38
337,501,3,237.57,59.4,337,2026-12-16T11:43:55
338,670,4,525.24,131.32,38,2026-10-20T08:36:26
339,470,5,144.1,36.05,318,2026-07-28T13:36:30
340,969,4,201.16,50.28,395,2026-01-22T11:49:43
341,257,1,64.61,16.15,211,2026-09-28T19:37:06
342,945,1,87.46,21.86,21,2026-02-23T18:31:56
343,322,4,404.96,101.24,285,2026-01-16T19:58:10
344,825,1,136.72,34.18,515,2026-11-15T20:04:43
345,737,4,575.52,143.88,591,2026-07-11T16:29:11
346,238,4,208.56,52.16,72,2026-01-09T16:54:21
347,451,5,696.2,174.05,430,2026-02-05T14:20:51
348,489,2,182.8,45.7,69,2026-10-27T09:10:54
349,503,5,505.45,126.35,547,2026-11-06T12:36:43
350,597,1,101.19,25.3,415,2026-11-17T12:06:46
351,713,3,324.18,81.06,574,2026-06-07T15:45:14
352,64,3,143.67,35.91,427,2026-02-17T13:23:36
353,414,4,91.32,22.84,127,2026-10-27T12:16:35
354,728,1,55.23,13.81,313,2026-01-02T19:46:17
355,38,4,272.2,68.04,47,2026-04-25T09:03:46
356,433,3,437.91,109.47,42,2026-10-16T10:37:26
357,537,2,85.88,21.46,576,2026-12-26T12:09:29
358,947,2,233.08,58.28,265,2026-10-27T19:38:09
359,918,3,104.82,26.19,658,2026-12-07T20:26:26
360,647,3,446.79,111.69,457,2026-09-27T15:53:35
361,720,2,288.24,72.06,496,2026-01-27T19:20:12
362,602,2,132.2,33.04,732,2026-07-23T20:31:29
363,124,5,310.5,77.65,732,2026-01-25T18:06:30
364,297,2,222.16,55.54,264,2026-03-12T14:50:03
365,48,3,107.16,26.79,102,2026-11-13T15:29:22
366,152,4,483.72,120.92,1,2026-02-05T15:36:45
367,753,4,133.36,33.36,441,2026-12-11T08:26:55
368,816,3,129.6,32.4,714,2026-03-19T19:38:58
369,25,3,142.17,35.55,561,2026-08-24T14:29:25
370,139,2,260.52,65.12,449,2026-03-24T13:19:15
371,974,1,71.51,17.88,238,2026-06-17T12:26:17
372,908,4,145.56,36.4,429,2026-05-13T20:29:57
373,525,2,295.08,73.76,46,2026-07-20T08:25:44
374,930,1,61.64,15.41,720,2026-01-22T10:25:58
375,67,2,106.92,26.74,719,2026-04-03T10:09:50
376,790,1,126.02,31.5,730,2026-07-15T14:25:20
377,294,1,62.16,15.54,651,2026-05-06T18:41:07
378,709,4,588.48,147.12,285,2026-06-08T19:10:32
379,764,4,555.0,138.76,478,2026-06-18T09:15:33
380,33,3,236.7,59.19,192,2026-04-13T20:51:28
381,878,5,592.2,148.05,670,2026-05-12T13:53:23
382,137,4,137.32,34.32,123,2026-08-01T19:22:42
383,375,4,84.36,21.08,161,2026-01-18T14:34:31
384,911,3,172.83,43.2,130,2026-06-22T17:37:53
385,872,5,483.05,120.75,672,2026-06-18T14:38:09
386,896,4,208.2,52.04,442,2026-01-13T18:11:21
387,682,3,84.54,21.12,90,2026-10-28T20:28:44
388,975,3,89.46,22.38,600,2026-08-17T12:37:21
389,224,1,128.56,32.14,177,2026-04-09T20:55:16
390,827,3,266.67,66.66,21,2026-10-16T14:44:10
391,115,2,283.86,70.96,427,2026-07-09T18:24:04
392,328,2,284.02,71.0,442,2026-04-05T20:09:08
393,868,3,412.14,103.02,461,2026-12-22T16:06:00
394,110,3,265.92,66.48,111,2026-10-24T15:04:39
395,572,5,277.1,69.3,569,2026-04-15T20:50:19
396,568,1,125.23,31.31,412,2026-08-25T17:15:00
397,746,1,87.76,21.94,19,2026-09-18T20:37:38
398,894,1,62.86,15.71,671,2026-09-04T12:01:12
399,222,3,337.83,84.45,26,2026-01-18T19:07:44
400,740,1,64.08,16.02,728,2026-06-21T16:46:52
401,674,4,501.4,125.36,606,2026-11-06T09:49:15
402,71,1,73.42,18.36,425,2026-07-01T10:40:04
403,165,3,413.22,103.32,459,2026-05-05T16:07:09
404,723,3,280.74,70.17,195,2026-03-02T15:52:51
405,274,5,431.0,107.75,574,2026-10-23T19:20:38
406,77,2,141.08,35.28,593,2026-01-08T11:05:46
407,864,3,350.58,87.63,379,2026-11-12T15:45:57
408,893,1,118.67,29.67,401,2026-08-28T16:40:06
409,217,1,57.1,14.28,589,2026-01-10T11:59:32
410,584,4,231.16,57.8,103,2026-05-12T08:33:24
411,148,5,670.4,167.6,195,2026-03-28T11:01:30
412,152,3,408.39,102.09,566,2026-07-09T09:58:11
413,424,1,136.04,34.01,686,2026-06-16T12:20:34
414,407,1,85.52,21.38,14,2026-09-07T17:15:19
415,906,1,87.35,21.84,378,2026-11-27T12:53:09
416,692,4,347.76,86.92,362,2026-10-06T08:27:39
417,393,3,208.56,52.14,201,2026-06-22T17:26:51
418,146,4,306.52,76.64,168,2026-04-14T16:15:05
419,826,2,162.2,40.54,237,2026-02-18T11:39:47
420,622,3,436.44,109.11,651,2026-09-27T19:49:02
421,165,2,272.44,68.1,19,2026-08-16T09:43:01
422,431,2,186.64,46.66,372,2026-03-24T14:42:48
423,586,3,164.31,41.07,229,2026-11-07T12:06:56
424,860,3,331.65,82.92,637,2026-01-24T11:11:15
425,754,1,127.51,31.88,442,2026-08-28T17:40:03
426,910,4,299.44,74.84,499,2026-08-16T18:40:08
427,770,1,112.62,28.16,100,2026-11-28T08:18:00
428,565,2,172.42,43.1,253,2026-09-06T14:01:50
429,87,5,390.55,97.65,729,2026-10-25T13:41:14
430,193,3,115.56,28.89,333,2026-10-08T17:08:08
431,271,2,133.62,33.4,505,2026-08-25T10:29:29
432,259,3,233.91,58.47,348,2026-03-04T18:51:33
433,539,3,132.81,33.21,103,2026-09-10T14:02:14
434,729,4,178.6,44.64,236,2026-12-25T16:31:34
435,853,5,667.55,166.9,181,2026-12-26T18:18:29
436,340,5,601.7,150.45,253,2026-11-17T20:38:19
437,458,4,109.12,27.28,393,2026-11-19T10:33:21
438,248,2,207.76,51.94,56,2026-06-10T14:05:54
439,430,4,387.88,96.96,297,2026-12-15T18:28:33
440,681,1,87.58,21.89,584,2026-04-23T14:47:58
441,81,2,266.12,66.54,334,2026-11-11T20:37:08
442,722,1,34.92,8.73,574,2026-12-15T10:14:40
443,341,1,31.36,7.84,288,2026-04-16T15:36:27
444,141,4,430.84,107.72,518,2026-06-10T20:36:39
445,899,4,433.08,108.28,584,2026-12-16T16:40:40
446,158,2,45.28,11.32,564,2026-01-26T08:06:47
447,262,2,171.2,42.8,418,2026-10-02T14:11:20
448,88,3,250.5,62.64,601,2026-02-09T17:49:48
449,780,1,93.46,23.36,408,2026-02-21T19:50:42
450,824,1,106.29,26.57,9,2026-12-09T18:22:32
451,712,4,548.12,137.04,280,2026-11-06T15:54:43
452,922,3,401.85,100.47,738,2026-07-12T19:42:08
453,635,3,378.27,94.56,204,2026-06-04T15:07:37
454,476,2,233.16,58.28,66,2026-11-07T12:13:48
455,966,2,125.16,31.28,443,2026-06-22T15:43:30
456,510,4,190.6,47.64,740,2026-07-26T20:21:34
457,875,4,247.8,61.96,212,2026-01-10T19:41:37
458,449,5,159.9,40.0,2,2026-08-03T18:57:43
459,643,2,265.54,66.38,31,2026-02-22T17:38:02
460,493,3,448.62,112.14,403,2026-10-25T15:53:42
461,280,4,158.8,39.72,93,2026-02-25T10:18:49
462,236,3,212.13,53.04,513,2026-12-02T11:09:22
463,776,2,140.58,35.14,587,2026-12-05T13:20:34
464,457,4,334.6,83.64,328,2026-08-18T20:05:47
465,57,4,171.44,42.84,706,2026-11-20T12:51:29
466,862,4,219.36,54.84,744,2026-12-22T09:11:43
467,388,1,53.84,13.46,715,2026-11-13T18:59:15
468,110,5,356.65,89.15,452,2026-07-23T12:16:14
469,595,1,95.8,23.95,66,2026-07-13T11:01:03
470,668,4,184.44,46.12,149,2026-01-12T18:04:24
471,266,1,77.89,19.47,474,2026-05-27T16:06:05
472,210,3,358.41,89.61,201,2026-12-21T18:40:15
473,619,4,269.76,67.44,164,2026-11-06T20:51:38
474,325,5,587.05,146.75,402,2026-08-16T19:03:21
475,370,3,261.57,65.4,599,2026-08-03T10:44:37
476,943,5,349.7,87.4,616,2026-06-10T19:35:11
477,842,4,84.92,21.24,673,2026-10-08T11:49:44
478,846,1,47.58,11.89,132,2026-09-19T11:30:52
479,269,4,90.24,22.56,66,2026-07-25T16:54:34
480,295,1,66.76,16.69,494,2026-12-05T19:38:04
481,539,3,127.38,31.86,641,2026-02-24T17:22:50
482,424,1,81.48,20.37,683,2026-06-18T17:10:09
483,226,3,201.0,50.25,133,2026-09-16T18:01:55
484,920,4,181.36,45.36,683,2026-03-18T20:55:45
485,182,5,703.45,175.85,242,2026-03-18T15:33:39
486,510,1,68.69,17.17,199,2026-10-21T14:19:31
487,966,2,146.74,36.68,681,2026-12-16T12:26:17
488,693,3,185.16,46.29,466,2026-09-08T09:48:00
489,946,1,149.83,37.46,362,2026-09-18T08:59:34
490,492,3,217.23,54.3,318,2026-01-24T18:21:34
491,114,1,61.61,15.4,11,2026-01-18T18:35:56
492,697,4,332.96,83.24,504,2026-05-16T14:05:37
493,218,4,356.32,89.08,748,2026-07-07T14:50:40
494,303,4,476.64,119.16,249,2026-04-10T15:28:17
495,762,5,365.5,91.35,235,2026-08-19T10:09:50
496,887,4,558.32,139.6,175,2026-10-03T13:00:11
497,224,4,230.88,57.72,563,2026-04-10T13:03:20
498,169,1,98.04,24.51,9,2026-11-01T12:30:08
499,770,4,93.72,23.44,490,2026-03-20T09:17:22
500,973,5,416.45,104.1,242,2026-07-01T17:34:48
501,760,3,286.44,71.61,622,2026-08-25T12:31:46
502,238,4,306.64,76.64,210,2026-11-17T16:22:33
503,462,3,257.34,64.35,610,2026-11-28T13:28:07
504,251,1,123.97,30.99,627,2026-05-09T20:46:38
505,956,4,113.56,28.4,446,2026-10-11T10:21:30
506,257,4,327.88,81.96,285,2026-08-21T10:05:09
507,228,5,278.2,69.55,467,2026-06-13T09:50:54
508,940,5,152.9,38.2,562,2026-06-12T15:37:55
509,685,5,651.4,162.85,227,2026-12-06T17:02:40
510,798,1,139.36,34.84,332,2026-06-10T13:47:07
511,449,2,138.74,34.68,564,2026-05-02T13:46:36
512,69,5,245.7,61.45,311,2026-05-14T10:55:42
513,758,4,133.64,33.4,138,2026-10-08T11:56:58
514,57,4,254.84,63.72,208,2026-04-23T13:39:30
515,322,5,535.85,133.95,21,2026-03-17T10:46:45
516,123,5,362.15,90.55,1,2026-09-16T20:40:20
517,649,4,342.2,85.56,566,2026-12-26T15:12:29
518,873,4,208.72,52.16,603,2026-08-08T17:41:52
519,528,2,265.58,66.4,395,2026-01-19T15:42:36
520,511,5,626.75,156.7,344,2026-01-22T18:18:17
521,373,1,77.68,19.42,144,2026-03-20T19:49:47
522,28,1,22.24,5.56,453,2026-12-06T19:09:25
523,365,2,156.64,39.16,163,2026-05-13T11:01:21
524,637,3,321.57,80.4,360,2026-08-04T09:29:28
525,328,2,191.86,47.96,743,2026-03-09T20:40:20
526,567,1,113.17,28.29,605,2026-11-02T16:42:32
527,312,1,84.33,21.08,729,2026-04-23T16:51:00
528,374,2,232.84,58.22,347,2026-03-14T16:13:55
529,635,3,72.96,18.24,465,2026-06-03T20:12:54
530,47,4,395.12,98.8,460,2026-02-25T10:34:06
531,326,4,364.72,91.2,567,2026-01-27T10:30:55
532,968,5,708.95,177.25,230,2026-10-27T16:49:09
533,115,3,441.63,110.4,743,2026-05-03T11:30:06
534,491,2,40.66,10.16,437,2026-10-02T16:23:33
535,221,1,73.04,18.26,268,2026-07-25T20:33:59
536,127,4,310.4,77.6,204,2026-07-11T18:26:02
537,957,4,326.88,81.72,381,2026-10-12T15:50:15
538,753,3,173.34,43.35,4,2026-12-25T18:42:56
539,453,4,548.12,137.04,134,2026-01-10T08:11:21
540,705,5,523.15,130.8,515,2026-01-21T16:58:20
541,826,3,266.16,66.54,155,2026-06-16T16:18:48
542,369,4,407.24,101.8,48,2026-03-10T09:01:50
543,294,1,68.08,17.02,479,2026-10-08T09:25:24
544,15,5,536.25,134.05,439,2026-02-11T18:23:40
545,392,4,126.44,31.6,664,2026-01-23T12:28:42
546,671,3,77.58,19.38,43,2026-06-18T12:02:41
547,568,5,189.55,47.4,642,2026-01-13T17:39:43
548,39,4,241.28,60.32,316,2026-06-14T18:22:47
549,713,5,714.55,178.65,695,2026-11-13T11:35:13
550,414,3,250.02,62.52,169,2026-06-11T20:32:58
551,762,1,82.99,20.75,537,2026-04-12T09:50:48
552,792,3,399.75,99.93,684,2026-05-09T18:40:55
553,803,5,509.95,127.5,728,2026-07-23T11:42:38
554,37,1,114.85,28.71,267,2026-04-19T19:35:01
555,280,5,664.05,166.0,557,2026-08-21T10:53:20
556,107,3,63.99,15.99,590,2026-02-24T15:03:36
557,594,5,714.4,178.6,216,2026-08-27T08:37:32
558,119,4,584.2,146.04,547,2026-04-01T11:54:40
559,559,3,208.08,52.02,112,2026-09-04T13:03:06
560,391,3,186.96,46.74,419,2026-03-12T15:14:07
561,159,3,145.41,36.36,111,2026-08-13T17:32:28
562,405,2,240.28,60.08,166,2026-08-26T19:40:37
563,965,3,250.44,62.61,373,2026-09-02T18:36:41
564,518,5,609.35,152.35,123,2026-04-21T11:05:48
565,345,4,128.92,32.24,435,2026-05-06T14:52:05
566,272,3,234.63,58.65,428,2026-01-28T12:16:49
567,108,3,132.3,33.09,268,2026-06-22T18:32:47
568,649,2,195.9,48.98,425,2026-12-12T12:05:42
569,690,5,618.8,154.7,118,2026-12-27T15:35:02
570,261,5,428.9,107.25,439,2026-01-20T11:51:35
571,828,2,155.5,38.88,609,2026-06-24T10:19:57
572,178,4,428.48,107.12,3,2026-05-22T18:07:19
573,448,3,389.49,97.38,277,2026-03-14T19:07:12
574,361,2,113.42,28.36,334,2026-06-13T09:35:12
575,147,4,454.32,113.56,91,2026-09-09T09:55:44
576,369,3,88.23,22.05,10,2026-05-05T18:23:49
577,145,4,256.4,64.08,377,2026-09-17T18:03:32
578,927,3,312.42,78.12,539,2026-12-01T15:10:30
579,74,2,141.74,35.44,211,2026-01-23T18:11:42
580,634,2,167.06,41.76,108,2026-03-14T15:10:28
581,254,2,80.2,20.06,420,2026-08-15T19:27:28
582,299,4,538.68,134.68,344,2026-10-21T12:48:24
583,551,4,412.88,103.2,469,2026-10-22T10:36:18
584,275,5,496.85,124.2,75,2026-07-16T13:40:56
585,507,2,296.92,74.24,746,2026-07-17T12:45:52
586,619,1,138.28,34.57,339,2026-07-21T14:57:28
587,662,5,236.0,59.0,192,2026-04-03T14:07:57
588,731,2,267.32,66.82,496,2026-10-01T13:15:19
589,43,2,184.2,46.04,547,2026-04-07T09:41:20
590,815,1,86.57,21.64,108,2026-07-09T16:52:00
591,162,2,150.08,37.52,551,2026-02-28T17:14:32
592,542,5,518.9,129.75,375,2026-02-04T13:17:49
593,907,2,186.48,46.62,558,2026-06-16T11:16:51
594,89,3,286.11,71.52,87,2026-11-13T20:27:00
595,513,4,519.92,129.96,242,2026-06-02T12:25:02
596,974,2,146.7,36.68,669,2026-03-10T15:35:40
597,620,2,77.6,19.4,345,2026-11-26T16:44:09
598,890,4,580.08,145.04,102,2026-06-02T14:08:04
599,62,5,287.9,71.95,80,2026-08-28T17:56:37
600,509,1,71.31,17.83,727,2026-01-19T17:30:41
601,363,2,265.48,66.38,433,2026-07-12T08:34:13
602,429,5,160.4,40.1,401,2026-02-10T08:28:14
603,483,2,54.02,13.5,703,2026-02-09T20:12:37
604,19,2,200.98,50.24,618,2026-01-02T13:54:50
605,757,4,172.08,43.04,41,2026-01-21T10:41:59
606,292,4,228.4,57.12,335,2026-10-17T19:34:53
607,543,5,211.65,52.9,237,2026-08-08T16:07:56
608,339,2,79.7,19.92,213,2026-03-19T15:42:43
609,179,3,159.81,39.96,115,2026-10-22T18:15:35
610,701,3,250.83,62.7,377,2026-04-21T09:32:34
611,412,3,200.79,50.19,275,2026-09-02T08:30:52
612,645,5,212.9,53.2,277,2026-04-13T14:38:53
613,536,2,164.3,41.08,359,2026-11-21T13:41:01
614,287,3,272.22,68.04,553,2026-06-02T08:55:47
615,512,4,584.04,146.0,632,2026-12-07T09:28:50
616,149,1,101.92,25.48,80,2026-06-19T19:32:00
617,290,2,94.46,23.62,113,2026-11-14T17:26:16
618,19,1,26.34,6.58,320,2026-01-03T17:43:12
619,944,2,124.98,31.24,8,2026-03-06T20:24:03
620,704,5,234.6,58.65,398,2026-03-25T14:25:53
621,960,2,100.08,25.02,389,2026-05-02T16:09:12
622,108,1,28.29,7.07,88,2026-02-20T20:37:18
623,325,4,559.04,139.76,257,2026-06-25T09:38:42
624,653,5,335.3,83.85,568,2026-10-23T08:00:53
625,850,3,221.1,55.29,452,2026-11-12T10:51:26
626,232,3,293.25,73.32,90,2026-07-08T13:11:16
627,113,2,209.56,52.4,29,2026-12-06T20:59:33
628,803,4,329.04,82.28,101,2026-07-14T13:47:27
629,23,2,116.66,29.16,172,2026-06-15T15:28:18
630,84,3,286.2,71.55,377,2026-02-16T13:12:09
631,132,4,529.16,132.28,640,2026-12-26T18:49:22
632,168,4,592.2,148.04,324,2026-09-20T19:58:54
633,947,5,486.6,121.65,732,2026-07-27T19:35:55
634,256,1,82.06,20.52,109,2026-02-03T09:16:10
635,741,3,105.24,26.31,300,2026-06-10T14:28:13
636,77,2,155.36,38.84,482,2026-02-19T08:43:26
637,412,5,308.75,77.2,326,2026-09-12T15:47:52
638,6,2,106.08,26.52,126,2026-08-13T09:29:01
639,397,1,46.82,11.71,38,2026-02-22T10:28:13
640,546,2,262.84,65.7,681,2026-08-06T08:15:20
641,482,5,347.45,86.85,433,2026-01-01T09:36:04
642,682,3,173.4,43.35,133,2026-12-02T19:57:55
643,449,5,632.95,158.25,153,2026-02-04T14:55:17
644,211,3,357.3,89.31,177,2026-11-23T09:53:07
645,260,4,244.88,61.2,299,2026-07-05T12:58:48
646,541,2,73.0,18.24,64,2026-05-05T19:04:50
647,82,4,558.68,139.68,268,2026-01-08T16:51:38
648,829,3,98.13,24.54,719,2026-10-05T11:17:58
649,706,4,283.28,70.8,151,2026-08-10T14:16:20
650,193,2,65.62,16.4,444,2026-10-26T13:00:27
651,35,3,311.76,77.94,295,2026-02-23T11:30:59
652,669,1,141.08,35.27,658,2026-11-14T19:56:50
653,248,1,118.4,29.6,13,2026-09-20T18:02:40
654,496,5,378.35,94.6,701,2026-08-24T14:03:07
655,571,5,247.8,61.95,15,2026-02-23T18:20:40
656,880,3,309.09,77.28,501,2026-08-08T11:17:44
657,229,3,444.42,111.09,669,2026-04-14T20:38:30
658,36,1,106.43,26.61,515,2026-03-27T13:53:15
659,79,4,494.44,123.6,328,2026-05-01T20:36:13
660,486,1,30.74,7.68,119,2026-10-13T16:36:44
661,459,3,311.25,77.82,636,2026-03-19T08:20:46
662,807,3,72.69,18.18,359,2026-10-05T16:04:33
663,274,4,459.56,114.88,400,2026-09-02T14:13:47
664,900,5,493.65,123.4,177,2026-02-14T18:06:05
665,612,3,396.12,99.03,37,2026-03-24T15:32:41
666,914,5,116.85,29.2,546,2026-07-17T20:12:05
667,781,1,39.51,9.88,684,2026-08-19T13:38:08
668,900,5,196.55,49.15,165,2026-04-03T10:21:24
669,498,4,151.24,37.8,3,2026-09-28T13:48:57
670,440,1,75.2,18.8,706,2026-12-04T12:05:12
671,286,2,169.16,42.28,726,2026-04-05T11:20:41
672,504,2,221.88,55.46,261,2026-02-22T12:46:09
673,13,5,264.2,66.05,36,2026-10-08T15:16:07
674,379,5,395.95,99.0,633,2026-03-11T08:55:42
675,338,5,188.35,47.1,338,2026-11-26T08:55:49
676,589,3,199.98,49.98,701,2026-08-20T20:45:38
677,230,4,233.6,58.4,187,2026-04-15T17:22:29
678,153,2,175.34,43.84,642,2026-07-22T20:57:04
679,131,5,196.6,49.15,246,2026-02-04T18:56:40
680,76,2,210.46,52.62,52,2026-01-16T13:12:23
681,969,1,43.16,10.79,267,2026-10-09T16:53:49
682,833,3,337.47,84.36,107,2026-04-05T19:08:11
683,234,2,275.66,68.92,572,2026-04-17T20:20:56
684,721,4,110.8,27.68,737,2026-04-19T09:15:30
685,13,5,733.7,183.45,576,2026-09-07T15:39:10
686,127,2,286.96,71.74,115,2026-12-18T10:08:24
687,666,1,87.06,21.77,633,2026-08-03T13:06:39
688,238,1,140.3,35.08,557,2026-05-23T17:34:35
689,806,2,180.48,45.12,203,2026-11-09T18:28:56
690,759,2,181.36,45.34,99,2026-04-15T08:42:16
691,589,3,214.32,53.58,314,2026-06-10T08:28:54
692,500,1,22.02,5.5,239,2026-06-21T16:33:08
693,875,2,278.48,69.62,566,2026-11-04T20:32:01
694,684,5,627.25,156.8,579,2026-09-11T08:51:59
695,140,5,282.2,70.55,493,2026-06-17T15:47:22
696,225,4,116.48,29.12,381,2026-05-04T13:56:54
697,827,2,96.26,24.06,35,2026-01-13T14:26:43
698,914,4,111.64,27.92,679,2026-04-25T11:05:06
699,587,1,113.42,28.36,714,2026-02-19T13:21:47
700,226,1,97.35,24.34,502,2026-12-04T11:16:43
701,59,2,166.8,41.7,638,2026-08-01T20:13:31
702,586,2,47.14,11.78,100,2026-01-01T12:58:23
703,530,2,51.72,12.92,148,2026-07-06T12:28:44
704,306,2,117.62,29.4,573,2026-08-08T10:23:56
705,809,3,83.64,20.91,435,2026-03-19T18:38:01
706,344,2,140.0,35.0,452,2026-03-01T15:10:58
707,919,1,100.78,25.2,489,2026-04-11T19:44:20
708,12,5,164.15,41.05,619,2026-09-28T20:59:47
709,270,3,185.52,46.38,335,2026-12-23T19:34:49
710,82,4,217.04,54.24,190,2026-06-09T08:59:40
711,371,1,146.59,36.65,379,2026-07-16T20:17:00
712,578,2,52.62,13.16,747,2026-11-16T20:20:38
713,754,5,541.7,135.45,37,2026-02-08T12:55:40
714,81,3,400.53,100.14,358,2026-07-21T15:01:36
715,74,3,365.55,91.38,279,2026-06-10T16:16:00
716,51,1,25.23,6.31,301,2026-01-10T19:26:16
717,870,3,158.25,39.57,474,2026-09-26T11:18:46
718,549,4,262.52,65.64,370,2026-01-10T16:37:38
719,146,3,214.56,53.64,138,2026-08-14T08:05:12
720,544,1,110.57,27.64,617,2026-12-03T09:32:07
721,175,1,123.04,30.76,394,2026-03-22T18:23:03
722,571,1,67.86,16.96,338,2026-05-08T09:21:01
723,450,1,120.86,30.21,263,2026-11-14T18:17:30
724,973,4,525.52,131.36,740,2026-04-27T20:53:52
725,104,1,109.8,27.45,235,2026-12-08T09:37:29
726,412,4,110.12,27.52,371,2026-07-04T14:32:16
727,943,3,168.45,42.12,608,2026-05-12T20:41:32
728,622,2,105.34,26.34,316,2026-11-18T11:11:32
729,917,1,132.69,33.17,248,2026-11-05T12:47:43
730,698,3,359.31,89.82,730,2026-10-15T19:45:20
731,589,1,113.29,28.32,273,2026-09-19T12:01:56
732,6,5,529.35,132.35,394,2026-09-09T14:15:56
733,815,5,200.55,50.15,297,2026-09-01T18:30:48
734,250,4,286.6,71.64,654,2026-07-26T12:54:36
735,482,2,157.72,39.42,47,2026-04-09T10:22:07
736,577,1,131.15,32.79,466,2026-07-05T16:36:28
737,314,4,306.32,76.56,469,2026-07-23T14:48:03
738,709,5,153.05,38.25,124,2026-06-06T14:53:16
739,130,3,284.97,71.25,665,2026-02-15T14:55:37
740,509,1,89.02,22.25,364,2026-08-11T17:07:01
741,644,3,389.82,97.44,447,2026-12-19T18:42:52
742,426,4,104.12,26.04,311,2026-08-16T15:58:52
743,114,3,73.29,18.33,462,2026-01-05T13:47:01
744,714,1,66.8,16.7,289,2026-10-10T08:40:53
745,804,5,549.8,137.45,552,2026-08-26T13:08:23
746,399,2,167.56,41.9,274,2026-06-11T19:21:45
747,686,4,283.0,70.76,690,2026-04-08T13:44:17
748,189,1,112.12,28.03,342,2026-10-11T11:49:00
749,703,4,163.48,40.88,482,2026-09-21T19:44:49
750,147,4,282.32,70.56,335,2026-01-23T16:37:17
751,862,2,231.2,57.8,661,2026-07-01T11:26:59
752,434,5,451.2,112.8,652,2026-08-14T18:56:19
753,271,5,212.1,53.05,615,2026-04-23T13:02:03
754,494,5,640.2,160.05,106,2026-06-08T15:31:55
755,800,4,434.0,108.48,263,2026-05-16T09:26:18
756,578,1,96.23,24.06,399,2026-11-14T17:21:01
757,876,4,497.48,124.36,352,2026-06-02T09:24:38
758,76,3,226.56,56.64,488,2026-08-20T16:09:13
759,55,4,428.36,107.08,22,2026-04-07T20:54:47
760,316,5,111.95,28.0,214,2026-05-08T10:53:27
761,588,2,237.06,59.26,286,2026-02-18T08:05:44
762,389,5,515.15,128.8,626,2026-02-21T19:11:36
763,868,3,224.01,56.01,270,2026-04-03T09:34:09
764,567,4,596.6,149.16,97,2026-07-12T17:22:06
765,85,2,47.14,11.78,194,2026-10-27T19:03:23
766,618,4,591.6,147.92,697,2026-11-19T12:09:13
767,588,3,382.56,95.64,572,2026-12-16T13:56:55
768,693,3,405.78,101.43,543,2026-07-08T15:46:30
769,248,3,304.86,76.23,646,2026-01-24T11:00:52
770,749,2,267.3,66.82,487,2026-11-26T09:29:36
771,210,1,72.13,18.03,367,2026-06-12T11:10:27
772,455,5,494.1,123.5,285,2026-11-25T19:32:15
773,708,4,154.68,38.68,572,2026-12-16T17:56:15
774,752,5,671.8,167.95,540,2026-10-03T20:10:54
775,540,4,310.08,77.52,519,2026-08-09T15:50:34
776,393,5,154.25,38.55,302,2026-08-13T19:55:54
777,804,2,195.18,48.8,636,2026-06-06T19:18:06
778,762,3,249.57,62.4,77,2026-03-01T12:01:16
779,80,1,79.82,19.95,105,2026-03-20T20:51:17
780,256,2,158.66,39.66,185,2026-06-15T16:59:06
781,299,5,357.2,89.3,367,2026-01-03T17:13:23
782,215,1,106.02,26.5,32,2026-12-11T16:19:23
783,406,4,518.52,129.64,94,2026-08-02T19:02:46
784,715,1,148.32,37.08,710,2026-05-19T11:05:57
785,974,4,266.92,66.72,29,2026-04-01T10:06:45
786,956,4,190.8,47.72,219,2026-10-16T20:40:42
787,46,1,129.39,32.35,6,2026-11-10T17:10:26
788,161,1,127.52,31.88,565,2026-03-24T18:57:16
789,16,1,74.07,18.52,214,2026-06-09T19:37:27
790,949,4,107.56,26.88,666,2026-02-09T11:21:34
791,740,1,128.49,32.12,483,2026-02-27T16:45:54
792,32,1,144.39,36.1,348,2026-02-11T19:15:59
793,72,1,94.38,23.59,336,2026-01-27T10:30:25
794,615,2,247.7,61.92,720,2026-08-16T17:27:26
795,51,3,160.11,40.02,515,2026-07-05T13:30:22
796,9,3,125.97,31.5,318,2026-05-25T08:24:37
797,898,3,318.54,79.65,709,2026-02-25T19:48:31
798,346,3,403.14,100.77,531,2026-08-25T15:06:50
799,119,3,279.09,69.78,100,2026-01-12T16:01:04
800,582,4,429.0,107.24,339,2026-08-02T16:10:25
801,504,5,347.9,86.95,334,2026-05-09T19:18:05
802,924,3,413.4,103.35,286,2026-10-09T20:09:47
803,415,4,491.32,122.84,20,2026-12-12T08:04:21
804,839,1,49.55,12.39,686,2026-03-14T16:16:56
805,633,4,102.36,25.6,147,2026-02-14T19:36:42
806,518,1,58.33,14.58,6,2026-07-22T16:05:28
807,670,1,25.73,6.43,548,2026-05-08T14:23:36
808,484,2,214.64,53.66,232,2026-07-14T19:06:43
809,49,3,158.1,39.54,471,2026-06-02T08:50:31
810,443,1,30.44,7.61,469,2026-02-23T19:34:56
811,7,1,136.89,34.22,485,2026-03-17T12:23:23
812,468,4,133.36,33.36,641,2026-08-16T20:02:27
813,439,4,148.24,37.08,95,2026-03-18T20:14:19
814,601,1,53.66,13.41,11,2026-02-12T10:28:11
815,764,3,302.64,75.66,548,2026-04-14T15:58:17
816,804,1,136.39,34.1,695,2026-03-22T20:02:22
817,608,5,625.45,156.35,294,2026-11-25T14:37:47
818,868,5,742.85,185.7,553,2026-02-06T18:49:10
819,351,4,494.76,123.68,63,2026-07-04T19:00:55
820,573,5,124.9,31.25,367,2026-11-02T20:04:54
821,414,2,226.6,56.64,670,2026-12-08T15:03:14
822,924,3,421.56,105.39,634,2026-10-04T13:07:25
823,449,4,471.72,117.92,447,2026-03-19T14:56:51
824,356,5,658.75,164.7,198,2026-01-05T20:23:15
825,883,4,347.0,86.76,193,2026-01-20T10:11:20
826,895,3,200.25,50.07,563,2026-07-20T12:01:39
827,450,5,620.5,155.1,475,2026-11-28T16:31:58
828,100,5,694.6,173.65,652,2026-02-25T08:03:40
829,5,4,282.56,70.64,553,2026-09-10T11:54:45
830,774,5,250.45,62.6,28,2026-05-14T08:14:44
831,832,3,386.25,96.57,732,2026-01-23T16:38:44
832,874,4,541.56,135.4,394,2026-10-28T18:15:30
833,382,5,617.9,154.45,292,2026-08-20T08:40:53
834,970,3,351.54,87.9,249,2026-05-16T08:08:31
835,671,5,475.0,118.75,164,2026-07-09T13:07:12
836,5,1,61.68,15.42,646,2026-02-20T16:59:20
837,938,4,250.76,62.68,494,2026-09-17T20:00:34
838,290,2,166.02,41.5,25,2026-03-17T10:32:20
839,803,1,77.77,19.44,353,2026-04-06T08:23:44
840,144,5,334.45,83.6,328,2026-01-04T11:21:10
841,259,4,121.92,30.48,449,2026-11-25T20:22:00
842,737,3,107.61,26.91,638,2026-09-21T12:05:32
843,26,3,351.99,87.99,297,2026-03-01T19:59:52
844,4,4,214.32,53.56,43,2026-12-12T09:21:27
845,595,5,694.25,173.55,218,2026-03-16T14:44:39
846,149,4,372.12,93.04,598,2026-08-08T16:29:53
847,627,2,50.94,12.74,155,2026-03-28T11:38:03
848,385,1,67.71,16.93,204,2026-01-15T09:09:19
849,850,1,46.47,11.62,211,2026-10-03T10:41:20
850,549,1,93.77,23.44,441,2026-10-10T11:27:19
851,213,4,261.96,65.48,710,2026-02-22T12:57:47
852,323,5,733.7,183.45,287,2026-07-18T20:07:23
853,33,5,479.4,119.85,112,2026-07-23T11:50:41
854,952,1,89.43,22.36,633,2026-07-25T11:15:43
855,778,1,36.73,9.18,9,2026-03-26T11:15:52
856,228,5,441.35,110.35,246,2026-11-19T14:00:49
857,149,3,70.56,17.64,744,2026-08-01T12:00:01
858,797,3,155.61,38.91,560,2026-07-14T16:19:29
859,42,4,419.2,104.8,399,2026-12-06T15:20:30
860,752,5,493.9,123.5,437,2026-07-17T08:22:13
861,498,2,177.78,44.44,569,2026-04-07T08:36:29
862,31,1,99.13,24.78,595,2026-05-15T15:03:40
863,704,4,268.2,67.04,537,2026-03-04T08:36:32
864,677,4,516.52,129.12,414,2026-09-22T10:32:41
865,666,1,134.32,33.58,558,2026-01-01T14:49:56
866,921,4,523.84,130.96,517,2026-03-16T17:03:19
867,745,2,136.06,34.02,558,2026-07-11T16:59:01
868,433,5,604.55,151.15,694,2026-10-05T10:40:18
869,104,5,496.25,124.05,468,2026-01-07T09:02:35
870,64,5,237.9,59.45,573,2026-10-18T13:56:46
871,265,3,414.24,103.56,467,2026-05-18T11:12:16
872,427,3,270.27,67.56,709,2026-12-21T10:24:03
873,188,1,48.15,12.04,687,2026-07-23T14:47:46
874,425,3,81.87,20.46,656,2026-11-22T12:14:40
875,25,5,424.15,106.05,570,2026-12-07T15:33:11
876,945,3,335.37,83.85,247,2026-02-05T14:47:56
877,896,5,442.9,110.7,24,2026-02-11T20:20:31
878,554,1,50.54,12.63,451,2026-12-03T12:52:10
879,123,4,427.72,106.92,398,2026-05-16T17:38:17
880,740,3,156.03,39.0,114,2026-09-06T15:14:46
881,827,1,65.74,16.43,632,2026-07-14T10:02:33
882,317,1,139.81,34.95,452,2026-12-13T12:57:00
883,783,1,63.17,15.79,460,2026-07-13T10:07:38
884,630,4,345.72,86.44,325,2026-06-21T10:20:57
885,352,3,118.38,29.61,343,2026-07-15T10:39:11
886,587,5,135.65,33.9,475,2026-03-23T14:30:39
887,278,1,76.35,19.09,25,2026-06-25T12:06:14
888,530,2,153.96,38.5,239,2026-11-18T16:13:15
889,631,2,248.9,62.22,550,2026-03-05T13:41:56
890,259,4,417.56,104.4,432,2026-10-14T14:05:03
