id,client_id,name,total_amount,paid_amount,remaining_amount,phone,status,pharmacy_id
1,CIN-C665211,Khadija Tazi,1087.43,670.91,416.52,+212 0677086657,PENDING,435
2,CIN-A584829,Saddik Naciri,990.78,591.64,399.14,+212 0797767380,PENDING,326
3,CIN-C824788,Reda Berrada,181.59,147.99,33.6,+212 0637339347,PENDING,96
4,CIN-D103167,Nadia Skalli,2323.83,1670.59,653.24,+212 0757073854,PENDING,369
5,CIN-B937725,Mehdi Berrada,472.98,460.23,12.75,+212 0633058789,PENDING,521
6,CIN-B622365,Siham Mansouri,1360.69,20.49,1340.2,+212 0695576930,PENDING,33
7,CIN-C754996,Omar Bennani,1152.73,843.7,309.03,+212 0662315434,PENDING,81
8,CIN-C968982,Saddik El Amrani,1451.11,714.04,737.07,+212 0786711724,PENDING,387
9,CIN-C111362,Meryem Bennani,675.06,136.39,538.67,+212 0694162672,PENDING,518
10,CIN-A809798,Ilham El Amrani,1556.45,255.18,1301.27,+212 0632156670,PENDING,79
11,CIN-A257128,Khadija El Amrani,1325.95,157.48,1168.47,+212 0759992071,PENDING,177
12,CIN-D349479,Houda Tahiri,289.05,30.24,258.81,+212 0705034611,PENDING,303
13,CIN-B456793,Karim Benjelloun,315.75,308.34,7.41,+212 0765545123,PENDING,373
14,CIN-B637427,Zineb Mansouri,1508.82,626.21,882.61,+212 0656630363,PENDING,422
15,CIN-A694184,Soufiane El Amrani,1815.96,924.27,891.69,+212 0674435250,PENDING,90
16,CIN-B377602,Karim Skalli,1091.73,252.19,839.54,+212 0666967781,PENDING,67
17,CIN-A698464,Karim Bennani,841.45,287.92,553.53,+212 0786491535,PENDING,18
18,CIN-C767923,Meryem Mansouri,1704.77,334.71,1370.06,+212 0684063929,PENDING,414
19,CIN-D903128,Mehdi Berrada,973.58,759.06,214.52,+212 0710049912,PENDING,287
20,CIN-A735099,Reda Chraibi,2450.2,577.08,1873.12,+212 0709819205,PENDING,98
21,CIN-D478857,Hassan Tahiri,2485.17,2134.32,350.85,+212 0636259328,PENDING,502
22,CIN-B350596,Siham Mansouri,1892.29,226.55,1665.74,+212 0791283006,PENDING,545
23,CIN-A815113,Siham Chraibi,370.42,78.47,291.95,+212 0716791776,PENDING,448
24,CIN-B867195,Omar Benjelloun,118.89,73.73,45.16,+212 0729233591,PENDING,215
25,CIN-C853657,Meryem Alaoui,967.3,79.63,887.67,+212 0762872450,PENDING,29
26,CIN-A662207,Saddik Naciri,1478.83,153.1,1325.73,+212 0716828982,PENDING,132
27,CIN-D994723,Siham Bennani,796.54,307.6,488.94,+212 0663629703,PENDING,292
28,CIN-D683231,Saddik Alaoui,1645.26,1145.79,499.47,+212 0623224263,PENDING,220
29,CIN-D464035,Siham El Idrissi,1042.58,777.89,264.69,+212 0714528784,PENDING,8
30,CIN-C800164,Omar Skalli,766.06,356.67,409.39,+212 0743441057,PENDING,35
31,CIN-C862177,Meryem Alaoui,1028.1,330.78,697.32,+212 0693244483,PENDING,384
32,CIN-A880024,Meryem El Idrissi,384.88,365.85,19.03,+212 0689775472,PENDING,330
33,CIN-B791408,Nadia Tazi,1705.13,47.04,1658.09,+212 0650162204,PENDING,460
34,CIN-C280247,Zineb Daoudi,1164.5,145.46,1019.04,+212 0724849261,PENDING,532
35,CIN-A859763,Hassan El Amrani,2191.6,1500.92,690.68,+212 0768208082,PENDING,486
36,CIN-C904578,Reda Daoudi,1639.28,1399.45,239.83,+212 0620925210,PENDING,148
37,CIN-A275663,Karim Skalli,569.27,196.69,372.58,+212 0630279299,PENDING,323
38,CIN-B449132,Siham Berrada,308.59,4.77,303.82,+212 0798257998,PENDING,257
39,CIN-A344294,Youssef Alaoui,2328.08,393.07,1935.01,+212 0624080770,PENDING,493
40,CIN-C961760,Khadija Kabbaj,1953.27,203.37,1749.9,+212 0706852460,PENDING,166
41,CIN-D823120,Soufiane Benjelloun,2392.98,119.61,2273.37,+212 0712286600,PENDING,297
42,CIN-D360156,Khadija Kabbaj,1486.83,1365.4,121.43,+212 0715903648,PENDING,483
43,CIN-B382143,Amine Kabbaj,402.0,138.25,263.75,+212 0625996848,PENDING,235
44,CIN-C942214,Saddik Daoudi,1776.76,1751.56,25.2,+212 0771542959,PENDING,497
45,CIN-C297820,Saddik Naciri,296.13,172.21,123.92,+212 0700719103,PENDING,225
46,CIN-C436104,Meryem Tahiri,1063.87,237.0,826.87,+212 0617234051,PENDING,546
47,CIN-A459503,Nadia Tazi,2409.5,2243.08,166.42,+212 0614387061,PENDING,312
48,CIN-C223304,Khadija Benjelloun,449.86,405.57,44.29,+212 0794919265,PENDING,488
49,CIN-A901649,Othmane Tazi,592.69,233.47,359.22,+212 0781431374,PENDING,1
50,CIN-B266631,Youssef Benjelloun,1779.87,1008.87,771.0,+212 0606382244,PENDING,394
51,CIN-A463179,Soufiane Benjelloun,933.6,247.88,685.72,+212 0697855179,PENDING,292
52,CIN-A397407,Houda Kabbaj,2194.03,879.16,1314.87,+212 0634594893,PENDING,280
53,CIN-B297349,Omar El Amrani,218.58,10.2,208.38,+212 0669569819,PENDING,196
54,CIN-A787321,Siham Tazi,305.82,143.93,161.89,+212 0740307505,PENDING,441
55,CIN-A118516,Youssef Tazi,767.41,395.9,371.51,+212 0710917965,PENDING,334
56,CIN-B722801,Amine Daoudi,1552.74,1288.24,264.5,+212 0753749455,PENDING,193
57,CIN-D642334,Nadia Tazi,304.23,110.84,193.39,+212 0749347812,PENDING,527
58,CIN-A614357,Houda Bennani,1856.99,13.42,1843.57,+212 0732019703,PENDING,538
59,CIN-B873561,Fatima Alaoui,389.6,287.75,101.85,+212 0655881191,PENDING,451
60,CIN-D591044,Meryem Bennani,1212.07,119.39,1092.68,+212 0680784424,PENDING,446
61,CIN-B455057,Amine El Amrani,1979.66,1576.73,402.93,+212 0725976571,PENDING,263
62,CIN-A986108,Zineb Kabbaj,815.82,285.59,530.23,+212 0795196149,PENDING,69
63,CIN-B968488,Karim El Amrani,2467.26,1626.55,840.71,+212 0654449625,PENDING,113
64,CIN-B987986,Saddik Bennani,1110.41,273.34,837.07,+212 0690766675,PENDING,263
65,CIN-A207445,Hassan Benjelloun,1646.23,299.18,1347.05,+212 0779970658,PENDING,135
66,CIN-A696451,Ilham Skalli,765.89,579.86,186.03,+212 0663509680,PENDING,143
67,CIN-D759803,Nadia Tazi,2480.31,1139.75,1340.56,+212 0639352601,PENDING,459
68,CIN-D986319,Soufiane Daoudi,516.16,215.06,301.1,+212 0632613542,PENDING,6
69,CIN-C970325,Houda Berrada,297.36,293.58,3.78,+212 0632002530,PENDING,409
70,CIN-B439472,Saddik Benjelloun,1230.51,380.07,850.44,+212 0733115648,PENDING,425
71,CIN-C690046,Houda Skalli,526.49,442.45,84.04,+212 0731848336,PENDING,155
72,CIN-A317571,Nadia Chraibi,365.82,54.91,310.91,+212 0787166393,PENDING,136
73,CIN-D375625,Houda Mansouri,486.36,211.1,275.26,+212 0670182155,PENDING,90
74,CIN-D702977,Meryem Benjelloun,2254.48,2137.07,117.41,+212 0618833401,PENDING,75
75,CIN-D573237,Soufiane Naciri,1522.94,463.15,1059.79,+212 0776696253,PENDING,106
76,CIN-C949540,Fatima El Amrani,345.8,42.48,303.32,+212 0645741756,PENDING,177
77,CIN-B327756,Fatima Berrada,599.66,3.49,596.17,+212 0722371664,PENDING,198
78,CIN-D888485,Meryem Benjelloun,1866.31,1591.08,275.23,+212 0721115292,PENDING,9
79,CIN-D896346,Mehdi Mansouri,2112.25,2055.89,56.36,+212 0667642011,PENDING,252
80,CIN-C968275,Khadija El Amrani,280.38,21.81,258.57,+212 0760052049,PENDING,397
81,CIN-B242036,Othmane Mansouri,2256.36,1206.8,1049.56,+212 0710389537,PENDING,471
82,CIN-A615601,Hassan Bennani,1954.05,1521.92,432.13,+212 0690253244,PENDING,420
83,CIN-B681046,Nadia El Idrissi,1536.57,1114.18,422.39,+212 0776543959,PENDING,103
84,CIN-D135718,Omar Berrada,715.15,168.8,546.35,+212 0753474911,PENDING,522
85,CIN-C391960,Houda Naciri,736.88,594.22,142.66,+212 0682223449,PENDING,465
86,CIN-C285727,Zineb Daoudi,1993.68,1331.08,662.6,+212 0785694451,PENDING,121
87,CIN-C345688,Omar Chraibi,1610.37,746.36,864.01,+212 0660713391,PENDING,548
88,CIN-B451334,Zineb Naciri,411.15,165.78,245.37,+212 0712395545,PENDING,115
89,CIN-B994368,Amine Bennani,2106.31,929.92,1176.39,+212 0777309780,PENDING,219
90,CIN-B642110,Siham El Amrani,712.78,398.66,314.12,+212 0753919193,PENDING,86
91,CIN-C138594,Soufiane El Amrani,1324.2,955.05,369.15,+212 0739848550,PENDING,401
92,CIN-D840534,Omar Chraibi,1322.64,457.26,865.38,+212 0727856621,PENDING,403
93,CIN-C721564,Siham Chraibi,2322.33,1567.37,754.96,+212 0681445651,PENDING,464
94,CIN-C938561,Omar Chraibi,923.09,600.19,322.9,+212 0763384554,PENDING,4
95,CIN-B158629,Fatima Benjelloun,314.22,205.95,108.27,+212 0781312059,PENDING,533
96,CIN-D147844,Fatima Naciri,1582.32,370.58,1211.74,+212 0620241766,PENDING,414
97,CIN-D611431,Houda Berrada,2189.9,440.88,1749.02,+212 0666740009,PENDING,227
98,CIN-C448563,Nadia Berrada,886.58,755.67,130.91,+212 0795901213,PENDING,194
99,CIN-D598671,Hassan Chraibi,224.31,36.29,188.02,+212 0664669370,PENDING,337
100,CIN-C891294,Amine Alaoui,2297.71,685.73,1611.98,+212 0648221194,PENDING,506
101,CIN-A261617,Meryem El Idrissi,533.3,474.5,58.8,+212 0732168555,PENDING,397
102,CIN-C919683,Meryem El Amrani,2077.11,1237.53,839.58,+212 0783607228,PENDING,205
103,CIN-C906136,Houda Naciri,2406.05,1395.44,1010.61,+212 0768980106,PENDING,185
104,CIN-D969233,Zineb Mansouri,1372.57,391.32,981.25,+212 0605236141,PENDING,240
105,CIN-A564044,Siham Skalli,1666.26,29.76,1636.5,+212 0720050294,PENDING,233
106,CIN-A877162,Houda Daoudi,1545.04,684.21,860.83,+212 0604859159,PENDING,368
107,CIN-C106655,Zineb Daoudi,2174.27,371.06,1803.21,+212 0784041471,PENDING,525
108,CIN-B720268,Reda Skalli,2162.89,1962.65,200.24,+212 0795156992,PENDING,118
109,CIN-B340918,Youssef Naciri,2344.03,467.7,1876.33,+212 0668840476,PENDING,12
110,CIN-D498513,Zineb Skalli,1973.67,1364.96,608.71,+212 0641592842,PENDING,503
111,CIN-D315981,Khadija Tazi,2071.4,946.06,1125.34,+212 0737466785,PENDING,454
112,CIN-A618222,Othmane Benjelloun,343.19,101.77,241.42,+212 0616859524,PENDING,121
113,CIN-A228512,Ilham Daoudi,1132.67,559.46,573.21,+212 0656343251,PENDING,84
114,CIN-A877548,Houda Daoudi,164.97,108.55,56.42,+212 0614914101,PENDING,133
115,CIN-A716606,Saddik Kabbaj,209.07,17.07,192.0,+212 0774815796,PENDING,281
116,CIN-A633645,Reda El Amrani,2226.68,420.44,1806.24,+212 0612458247,PENDING,26
117,CIN-B809729,Siham Skalli,1898.63,82.02,1816.61,+212 0774364254,PENDING,318
118,CIN-D912755,Siham Tazi,1729.47,105.08,1624.39,+212 0654666920,PENDING,179
119,CIN-C467426,Hassan Mansouri,1472.11,219.53,1252.58,+212 0687086334,PENDING,237
120,CIN-A245140,Youssef Daoudi,1497.21,1416.34,80.87,+212 0690385698,PENDING,311
121,CIN-C946859,Fatima Skalli,768.41,717.21,51.2,+212 0662684941,PENDING,469
122,CIN-A666091,Saddik El Idrissi,1538.72,406.18,1132.54,+212 0653792606,PENDING,133
123,CIN-B756268,Amine Naciri,697.91,361.22,336.69,+212 0602978067,PENDING,275
124,CIN-D753713,Mehdi El Amrani,1112.64,702.66,409.98,+212 0622212881,PENDING,22
125,CIN-C244899,Houda Bennani,591.52,562.74,28.78,+212 0622327234,PENDING,275
126,CIN-C668269,Othmane Bennani,271.37,208.76,62.61,+212 0683881489,PENDING,171
127,CIN-D185021,Mehdi Berrada,2477.9,406.58,2071.32,+212 0684661999,PENDING,47
128,CIN-C461485,Reda Tazi,1319.96,123.82,1196.14,+212 0621337521,PENDING,366
129,CIN-C273329,Fatima Berrada,2080.98,535.55,1545.43,+212 0700489974,PENDING,180
130,CIN-D980638,Saddik Alaoui,1678.31,1029.33,648.98,+212 0637485083,PENDING,276
131,CIN-D882935,Youssef Kabbaj,2131.86,309.24,1822.62,+212 0660830773,PENDING,391
132,CIN-B625902,Reda El Idrissi,1259.16,457.62,801.54,+212 0771573335,PENDING,217
133,CIN-D498265,Youssef Berrada,1297.16,1258.57,38.59,+212 0689405694,PENDING,108
134,CIN-C265960,Reda Benjelloun,2384.67,402.46,1982.21,+212 0607962480,PENDING,164
135,CIN-A166733,Saddik El Idrissi,729.24,96.87,632.37,+212 0717372017,PENDING,116
136,CIN-D575316,Soufiane Mansouri,1170.9,747.11,423.79,+212 0777473510,PENDING,311
137,CIN-B119029,Reda Tahiri,2179.6,567.62,1611.98,+212 0671677880,PENDING,170
138,CIN-A917258,Fatima Alaoui,2444.98,2406.23,38.75,+212 0608334187,PENDING,328
139,CIN-C315793,Amine Kabbaj,1796.46,1419.22,377.24,+212 0693038035,PENDING,108
140,CIN-D835857,Hassan Benjelloun,2084.53,519.65,1564.88,+212 0695048881,PENDING,374
141,CIN-B647293,Saddik Alaoui,1456.36,1440.3,16.06,+212 0629278099,PENDING,241
142,CIN-D689083,Houda Tazi,2218.11,1553.9,664.21,+212 0691062046,PENDING,425
143,CIN-A590411,Hassan Daoudi,2285.55,2074.82,210.73,+212 0669194867,PENDING,389
144,CIN-A210929,Nadia Bennani,1776.44,1685.8,90.64,+212 0744911851,PENDING,352
145,CIN-B453855,Siham El Idrissi,730.54,121.62,608.92,+212 0773018087,PENDING,516
146,CIN-D916398,Amine Berrada,823.42,703.43,119.99,+212 0672752152,PENDING,151
147,CIN-D893869,Karim Alaoui,679.32,587.8,91.52,+212 0716638267,PENDING,375
148,CIN-C513214,Saddik Skalli,2007.1,881.46,1125.64,+212 0719846053,PENDING,340
149,CIN-A547846,Youssef Tahiri,1632.2,718.77,913.43,+212 0783486987,PENDING,298
150,CIN-B892862,Siham Tahiri,1915.94,767.43,1148.51,+212 0691773605,PENDING,3
151,CIN-B868027,Omar Benjelloun,2293.79,2269.67,24.12,+212 0600778318,PENDING,419
152,CIN-B342098,Omar Tahiri,588.07,375.99,212.08,+212 0703225081,PENDING,154
153,CIN-D843449,Karim Naciri,486.15,472.93,13.22,+212 0754544727,PENDING,179
154,CIN-C231772,Saddik Bennani,796.4,634.78,161.62,+212 0674066867,PENDING,6
155,CIN-B432554,Mehdi Skalli,1734.49,652.03,1082.46,+212 0798237618,PENDING,210
156,CIN-A269193,Reda Bennani,2288.74,1246.46,1042.28,+212 0790912812,PENDING,416
157,CIN-C892663,Houda Benjelloun,621.42,495.91,125.51,+212 0767102622,PENDING,105
158,CIN-A859093,Nadia Berrada,1558.81,299.28,1259.53,+212 0743728284,PENDING,102
159,CIN-A260937,Fatima El Amrani,2180.73,773.8,1406.93,+212 0643209182,PENDING,299
160,CIN-C152641,Nadia Tazi,1255.53,775.67,479.86,+212 0783031729,PENDING,222
161,CIN-D618695,Omar Alaoui,2201.33,1046.9,1154.43,+212 0768481419,PENDING,103
162,CIN-C195615,Omar Tahiri,1435.87,1167.58,268.29,+212 0608496538,PENDING,269
163,CIN-B675456,Houda Chraibi,194.1,181.7,12.4,+212 0793401075,PENDING,464
164,CIN-B852742,Ilham Berrada,1798.8,1753.13,45.67,+212 0657502259,PENDING,121
165,CIN-A574934,Siham Skalli,1689.01,1496.7,192.31,+212 0654495503,PENDING,325
166,CIN-A565365,Nadia Skalli,1410.07,465.73,944.34,+212 0723967783,PENDING,328
167,CIN-A581281,Houda El Amrani,2245.45,914.15,1331.3,+212 0762679409,PENDING,214
168,CIN-C363021,Khadija Skalli,1220.19,166.22,1053.97,+212 0748036145,PENDING,26
169,CIN-A770255,Omar Tahiri,1729.19,315.24,1413.95,+212 0765058484,PENDING,278
170,CIN-A795387,Houda Alaoui,1469.52,1187.19,282.33,+212 0760229351,PENDING,500
171,CIN-C510689,Reda Naciri,1955.85,1717.52,238.33,+212 0736938058,PENDING,35
172,CIN-D168608,Karim Alaoui,1238.98,819.11,419.87,+212 0717593172,PENDING,35
173,CIN-C152579,Soufiane Tazi,1398.68,1152.41,246.27,+212 0614796126,PENDING,541
174,CIN-A546541,Ilham El Idrissi,1385.02,843.04,541.98,+212 0785379978,PENDING,430
175,CIN-D303571,Othmane El Idrissi,1335.92,57.64,1278.28,+212 0619888744,PENDING,186
176,CIN-A646220,Reda Kabbaj,300.39,192.38,108.01,+212 0745747706,PENDING,351
177,CIN-C423147,Reda Naciri,1870.31,1032.63,837.68,+212 0648564327,PENDING,85
178,CIN-D520429,Soufiane Tazi,2437.87,172.92,2264.95,+212 0727701562,PENDING,84
179,CIN-D853979,Fatima Skalli,1395.6,1147.49,248.11,+212 0600854631,PENDING,285
180,CIN-B640268,Youssef Tazi,2337.5,2165.05,172.45,+212 0749323755,PENDING,534
181,CIN-B626069,Hassan Naciri,583.95,468.35,115.6,+212 0649325485,PENDING,179
182,CIN-A122483,Othmane Tazi,1888.82,1777.05,111.77,+212 0753479710,PENDING,156
183,CIN-A632812,Amine El Amrani,2126.2,1983.27,142.93,+212 0632666178,PENDING,524
184,CIN-C901588,Zineb Mansouri,2079.99,1656.0,423.99,+212 0662776502,PENDING,166
185,CIN-D176578,Fatima Berrada,950.73,720.64,230.09,+212 0653537592,PENDING,476
186,CIN-A900947,Khadija Tazi,2174.33,1620.55,553.78,+212 0642933801,PENDING,486
187,CIN-C702418,Saddik Skalli,2218.5,98.58,2119.92,+212 0746083486,PENDING,120
188,CIN-D495644,Saddik Daoudi,1269.69,410.67,859.02,+212 0612331534,PENDING,178
189,CIN-D828474,Omar Naciri,347.34,170.2,177.14,+212 0637514164,PENDING,394
190,CIN-C829585,Siham Alaoui,1367.81,790.18,577.63,+212 0732786028,PENDING,424
191,CIN-C235463,Meryem Naciri,617.07,222.05,395.02,+212 0612199149,PENDING,330
192,CIN-C930056,Meryem Alaoui,559.17,503.73,55.44,+212 0619654970,PENDING,297
193,CIN-D101724,Khadija Chraibi,2429.58,876.66,1552.92,+212 0721020388,PENDING,463
194,CIN-D738322,Nadia El Amrani,274.79,230.09,44.7,+212 0721210046,PENDING,483
195,CIN-D952236,Youssef Daoudi,948.81,76.72,872.09,+212 0786542556,PENDING,146
196,CIN-B729730,Soufiane Kabbaj,538.75,332.59,206.16,+212 0741710567,PENDING,148
197,CIN-C895597,Nadia Kabbaj,1588.13,1108.5,479.63,+212 0670648723,PENDING,538
198,CIN-A141756,Mehdi Daoudi,2411.63,2390.33,21.3,+212 0717520477,PENDING,314
199,CIN-D983521,Saddik Tazi,1350.54,942.25,408.29,+212 0673255382,PENDING,315
200,CIN-D347079,Othmane Kabbaj,618.38,144.84,473.54,+212 0625063483,PENDING,141
201,CIN-A932518,Amine Benjelloun,2248.91,521.49,1727.42,+212 0764675038,PENDING,335
202,CIN-A389669,Omar Daoudi,1875.15,1686.09,189.06,+212 0720397101,PENDING,277
203,CIN-A864477,Youssef Tahiri,619.31,22.2,597.11,+212 0699340960,PENDING,542
204,CIN-C294051,Othmane Daoudi,2315.39,2030.94,284.45,+212 0786558422,PENDING,476
205,CIN-C124176,Saddik El Idrissi,1155.63,603.9,551.73,+212 0764429277,PENDING,89
206,CIN-D504098,Meryem Berrada,1547.21,226.55,1320.66,+212 0774942221,PENDING,60
207,CIN-B796827,Siham Alaoui,1571.47,1400.64,170.83,+212 0649871420,PENDING,326
208,CIN-D253668,Hassan Benjelloun,1195.7,596.34,599.36,+212 0640493863,PENDING,235
209,CIN-B165426,Soufiane Naciri,2487.22,2287.93,199.29,+212 0733734776,PENDING,445
210,CIN-D329735,Reda Berrada,868.67,465.88,402.79,+212 0765469915,PENDING,30
211,CIN-D529708,Reda El Idrissi,1636.6,1166.0,470.6,+212 0644298368,PENDING,118
212,CIN-C945779,Amine El Idrissi,1597.75,734.94,862.81,+212 0711555107,PENDING,126
213,CIN-D974376,Othmane Benjelloun,1449.77,581.96,867.81,+212 0658890171,PENDING,130
214,CIN-B163190,Omar Mansouri,1522.45,1376.1,146.35,+212 0668315624,PENDING,400
215,CIN-B449908,Omar Kabbaj,216.56,138.38,78.18,+212 0669769054,PENDING,156
216,CIN-B620714,Fatima Mansouri,2150.49,1884.52,265.97,+212 0694719023,PENDING,108
217,CIN-B951163,Ilham Kabbaj,177.2,144.55,32.65,+212 0625759212,PENDING,37
218,CIN-A777413,Zineb Daoudi,2036.59,413.06,1623.53,+212 0656431721,PENDING,287
219,CIN-B466804,Omar Kabbaj,2117.04,836.45,1280.59,+212 0686701987,PENDING,21
220,CIN-D103734,Zineb El Idrissi,1738.19,523.04,1215.15,+212 0618131254,PENDING,512
221,CIN-D825408,Hassan El Idrissi,563.42,463.74,99.68,+212 0654076471,PENDING,134
222,CIN-A916528,Nadia Daoudi,1611.85,435.23,1176.62,+212 0631453948,PENDING,480
223,CIN-B269466,Saddik Kabbaj,2093.57,1635.17,458.4,+212 0758458402,PENDING,455
224,CIN-D719318,Amine Berrada,1827.46,1789.88,37.58,+212 0680667252,PENDING,197
225,CIN-B168512,Zineb Chraibi,1902.76,1389.19,513.57,+212 0751906774,PENDING,8
226,CIN-C275194,Mehdi El Amrani,2141.76,2069.96,71.8,+212 0734437108,PENDING,340
227,CIN-B426625,Meryem Chraibi,1166.47,847.95,318.52,+212 0637353497,PENDING,535
228,CIN-D567607,Reda Bennani,1106.56,684.61,421.95,+212 0622535022,PENDING,268
229,CIN-D820087,Amine Alaoui,1662.51,1063.5,599.01,+212 0684713705,PENDING,503
230,CIN-B149529,Siham Kabbaj,1847.87,259.41,1588.46,+212 0620040234,PENDING,193
231,CIN-A429119,Ilham Naciri,642.62,531.79,110.83,+212 0684535002,PENDING,422
232,CIN-A735180,Othmane Tazi,675.72,133.97,541.75,+212 0736586949,PENDING,492
233,CIN-D621482,Khadija Bennani,1400.82,1225.83,174.99,+212 0644553296,PENDING,195
234,CIN-D539126,Zineb Bennani,1279.84,403.47,876.37,+212 0683188861,PENDING,410
235,CIN-B409672,Siham Kabbaj,650.99,529.6,121.39,+212 0691154168,PENDING,476
236,CIN-C200280,Karim Naciri,1195.13,903.73,291.4,+212 0614065476,PENDING,186
237,CIN-C483461,Karim Tahiri,2327.74,987.13,1340.61,+212 0675351383,PENDING,424
238,CIN-A722774,Hassan Chraibi,494.24,279.38,214.86,+212 0765158223,PENDING,307
239,CIN-B911288,Nadia Skalli,1268.65,46.11,1222.54,+212 0756124983,PENDING,306
240,CIN-A946660,Ilham Kabbaj,719.78,224.76,495.02,+212 0793892529,PENDING,294
241,CIN-D569428,Ilham Alaoui,1642.27,367.42,1274.85,+212 0729083116,PENDING,271
242,CIN-A201847,Saddik Daoudi,2225.85,586.73,1639.12,+212 0787320718,PENDING,414
243,CIN-C339372,Khadija Naciri,1581.14,396.89,1184.25,+212 0669718701,PENDING,474
244,CIN-C788532,Meryem Kabbaj,743.52,608.48,135.04,+212 0719199949,PENDING,125
245,CIN-C185854,Zineb Berrada,2131.64,1950.75,180.89,+212 0714227404,PENDING,172
246,CIN-C334650,Soufiane Bennani,2103.21,1101.77,1001.44,+212 0670810357,PENDING,90
247,CIN-C372163,Youssef El Amrani,1435.76,1408.39,27.37,+212 0792460128,PENDING,469
248,CIN-A381599,Hassan Benjelloun,2262.63,905.84,1356.79,+212 0708108667,PENDING,133
249,CIN-B333008,Saddik Tahiri,1869.57,671.24,1198.33,+212 0635406428,PENDING,369
250,CIN-A284259,Houda Daoudi,1464.38,733.44,730.94,+212 0769186484,PENDING,83
251,CIN-B450306,Othmane El Amrani,456.68,128.65,328.03,+212 0793706272,PENDING,143
252,CIN-A985443,Mehdi Tazi,1039.26,739.98,299.28,+212 0613887057,PENDING,443
253,CIN-D223585,Karim Skalli,488.08,302.9,185.18,+212 0748700964,PENDING,274
254,CIN-D576598,Reda Alaoui,1000.83,610.39,390.44,+212 0760166858,PENDING,451
255,CIN-B232003,Fatima Chraibi,1364.12,454.17,909.95,+212 0753930361,PENDING,388
256,CIN-B571250,Houda Mansouri,1855.66,460.02,1395.64,+212 0715742368,PENDING,538
257,CIN-D920951,Omar Skalli,120.52,26.34,94.18,+212 0686588074,PENDING,120
258,CIN-D304501,Nadia El Idrissi,1756.65,69.05,1687.6,+212 0756566363,PENDING,117
259,CIN-B132155,Fatima Berrada,601.25,372.18,229.07,+212 0604210379,PENDING,310
260,CIN-D760395,Mehdi Skalli,1642.42,732.48,909.94,+212 0612335793,PENDING,483
261,CIN-A345756,Amine Benjelloun,1799.97,624.64,1175.33,+212 0692992920,PENDING,215
262,CIN-A336822,Soufiane Skalli,1165.46,867.32,298.14,+212 0708507491,PENDING,160
263,CIN-A350175,Nadia Tahiri,1392.53,273.36,1119.17,+212 0749382683,PENDING,15
264,CIN-C623183,Mehdi Alaoui,1750.5,1250.31,500.19,+212 0636736140,PENDING,424
265,CIN-C793593,Meryem Tazi,283.71,81.86,201.85,+212 0658181106,PENDING,155
266,CIN-B775544,Siham Berrada,2017.0,1802.72,214.28,+212 0619789589,PENDING,151
267,CIN-D644035,Youssef Naciri,200.57,181.85,18.72,+212 0607232274,PENDING,243
268,CIN-C360208,Zineb Chraibi,2022.2,183.32,1838.88,+212 0608834442,PENDING,498
269,CIN-B712114,Zineb Benjelloun,799.82,213.32,586.5,+212 0785847702,PENDING,134
270,CIN-D906633,Omar El Amrani,1316.54,842.82,473.72,+212 0657191043,PENDING,180
271,CIN-B211553,Zineb Benjelloun,2328.89,558.55,1770.34,+212 0624250596,PENDING,58
272,CIN-D191655,Nadia Bennani,2300.75,1754.51,546.24,+212 0741877689,PENDING,481
273,CIN-C931618,Saddik Mansouri,2323.05,1472.22,850.83,+212 0696204297,PENDING,91
274,CIN-D461261,Zineb Benjelloun,239.31,22.37,216.94,+212 0608259230,PENDING,100
275,CIN-D125823,Siham Bennani,377.93,156.3,221.63,+212 0715288004,PENDING,374
276,CIN-B946509,Meryem Bennani,758.32,427.62,330.7,+212 0684951704,PENDING,51
277,CIN-B884724,Amine Daoudi,1923.28,921.96,1001.32,+212 0788752632,PENDING,535
278,CIN-D115807,Hassan Alaoui,2194.38,648.57,1545.81,+212 0658021037,PENDING,29
279,CIN-C596355,Soufiane Daoudi,440.69,363.73,76.96,+212 0635062741,PENDING,55
280,CIN-B458290,Reda Alaoui,2245.31,2107.83,137.48,+212 0686041614,PENDING,287
281,CIN-B341776,Khadija Mansouri,627.61,447.66,179.95,+212 0645574643,PENDING,58
282,CIN-C103367,Youssef Naciri,753.35,12.11,741.24,+212 0781815853,PENDING,441
283,CIN-D305342,Houda Naciri,401.04,60.96,340.08,+212 0699491943,PENDING,244
284,CIN-A769503,Mehdi Mansouri,612.98,107.99,504.99,+212 0755685022,PENDING,545
285,CIN-C515449,Zineb Kabbaj,143.29,27.22,116.07,+212 0792795132,PENDING,334
286,CIN-D718249,Meryem Tahiri,282.44,53.34,229.1,+212 0646120140,PENDING,519
287,CIN-D944254,Amine Skalli,2329.64,639.59,1690.05,+212 0716010831,PENDING,248
288,CIN-B206672,Nadia Alaoui,841.6,510.74,330.86,+212 0615533975,PENDING,507
289,CIN-B618010,Houda Tazi,2456.94,322.53,2134.41,+212 0622400025,PENDING,343
290,CIN-D490044,Hassan El Idrissi,2155.77,180.29,1975.48,+212 0602287408,PENDING,500
291,CIN-B215918,Karim Bennani,2458.46,1270.54,1187.92,+212 0635180264,PENDING,309
292,CIN-D773799,Reda Chraibi,1504.99,1311.82,193.17,+212 0663447792,PENDING,427
293,CIN-C850858,Mehdi Tahiri,1569.1,1317.05,252.05,+212 0605515704,PENDING,194
294,CIN-B824183,Zineb Alaoui,1868.29,431.65,1436.64,+212 0794815988,PENDING,399
295,CIN-A153112,Hassan Alaoui,1339.6,392.13,947.47,+212 0731402903,PENDING,109
296,CIN-D663699,Hassan Tahiri,1998.3,1591.12,407.18,+212 0611407559,PENDING,448
297,CIN-C471755,Mehdi Chraibi,503.72,429.11,74.61,+212 0743053447,PENDING,22
298,CIN-A709451,Hassan Daoudi,2002.66,296.04,1706.62,+212 0688816137,PENDING,335
299,CIN-C249419,Amine Skalli,1741.92,932.59,809.33,+212 0627146355,PENDING,547
300,CIN-B604842,Nadia Alaoui,833.11,678.77,154.34,+212 0720323832,PENDING,63
301,CIN-B375048,Fatima Skalli,849.25,222.15,627.1,+212 0702655859,PENDING,376
302,CIN-A957480,Hassan Mansouri,1443.3,72.62,1370.68,+212 0610818548,PENDING,334
303,CIN-C788579,Karim Alaoui,1891.08,1488.41,402.67,+212 0673749099,PENDING,287
304,CIN-A343649,Omar Mansouri,1293.65,117.89,1175.76,+212 0624062146,PENDING,222
305,CIN-A378022,Hassan Skalli,942.63,412.72,529.91,+212 0625556348,PENDING,118
306,CIN-D534195,Saddik Skalli,2151.37,1391.1,760.27,+212 0680749223,PENDING,370
307,CIN-D388519,Khadija Naciri,427.89,271.38,156.51,+212 0719082745,PENDING,383
308,CIN-B491924,Fatima El Idrissi,1087.57,931.56,156.01,+212 0676337364,PENDING,237
309,CIN-A369821,Zineb Tazi,1289.09,233.02,1056.07,+212 0607009583,PENDING,176
310,CIN-C600234,Othmane Alaoui,1951.56,1727.17,224.39,+212 0631026557,PENDING,271
311,CIN-C148422,Othmane Tazi,1739.16,1049.05,690.11,+212 0735216083,PENDING,171
312,CIN-C598548,Saddik Kabbaj,2287.9,1161.27,1126.63,+212 0709393496,PENDING,202
313,CIN-D986284,Soufiane Bennani,973.23,604.27,368.96,+212 0721542626,PENDING,84
314,CIN-D560611,Siham Tazi,2391.53,1288.04,1103.49,+212 0701361916,PENDING,225
315,CIN-B125292,Saddik Naciri,547.31,77.95,469.36,+212 0759414477,PENDING,287
316,CIN-B930586,Saddik Mansouri,919.92,820.44,99.48,+212 0797916276,PENDING,280
317,CIN-B770613,Youssef Kabbaj,687.25,281.36,405.89,+212 0730079823,PENDING,79
318,CIN-A877837,Mehdi Naciri,1237.33,607.09,630.24,+212 0763921187,PENDING,394
319,CIN-C414674,Reda Skalli,440.73,283.26,157.47,+212 0735105973,PENDING,422
320,CIN-D913328,Amine El Amrani,1355.97,1092.34,263.63,+212 0779479293,PENDING,102
321,CIN-B778850,Fatima Mansouri,1031.11,424.38,606.73,+212 0687929686,PENDING,438
322,CIN-A928801,Nadia Alaoui,1857.66,910.12,947.54,+212 0763527360,PENDING,464
323,CIN-A581759,Amine Naciri,966.99,10.81,956.18,+212 0713838901,PENDING,325
324,CIN-A641578,Fatima El Amrani,2298.57,1824.68,473.89,+212 0790779886,PENDING,179
325,CIN-B288257,Nadia Tazi,996.82,703.97,292.85,+212 0702802802,PENDING,309
326,CIN-B990565,Omar Mansouri,806.04,312.69,493.35,+212 0751758666,PENDING,414
327,CIN-C126521,Youssef Chraibi,951.68,473.81,477.87,+212 0688339238,PENDING,122
328,CIN-D319871,Omar Skalli,549.38,217.22,332.16,+212 0749857742,PENDING,323
329,CIN-D380890,Youssef Naciri,1462.9,1397.13,65.77,+212 0705472092,PENDING,398
330,CIN-A613925,Nadia Skalli,1750.83,1412.01,338.82,+212 0771891668,PENDING,238
331,CIN-B267932,Youssef El Amrani,2211.28,253.19,1958.09,+212 0679776600,PENDING,15
332,CIN-B131042,Nadia Chraibi,159.74,146.89,12.85,+212 0638223552,PENDING,319
333,CIN-C211055,Soufiane Naciri,343.44,340.81,2.63,+212 0721202540,PENDING,82
334,CIN-D851232,Othmane El Idrissi,2221.66,1264.55,957.11,+212 0752551765,PENDING,226
335,CIN-A864744,Soufiane El Amrani,1112.36,943.39,168.97,+212 0662897572,PENDING,197
336,CIN-C574795,Mehdi Bennani,1807.96,179.58,1628.38,+212 0661432885,PENDING,41
337,CIN-C706595,Amine Tazi,1539.31,897.39,641.92,+212 0689237104,PENDING,61
338,CIN-D639751,Hassan Naciri,1287.87,845.96,441.91,+212 0746890688,PENDING,322
339,CIN-A853846,Khadija Berrada,1393.4,35.78,1357.62,+212 0779053875,PENDING,520
340,CIN-B343292,Mehdi Mansouri,1766.6,1101.5,665.1,+212 0729703977,PENDING,527
341,CIN-B315213,Omar Chraibi,107.7,3.29,104.41,+212 0626944104,PENDING,145
342,CIN-A745390,Houda Tazi,2336.25,78.4,2257.85,+212 0786233487,PENDING,235
343,CIN-C188696,Omar Benjelloun,816.08,136.47,679.61,+212 0774675732,PENDING,257
344,CIN-B364962,Omar Skalli,361.61,319.15,42.46,+212 0612432197,PENDING,486
345,CIN-C229797,Khadija Skalli,2044.73,1431.88,612.85,+212 0703530056,PENDING,460
346,CIN-A943016,Youssef Tazi,474.52,99.8,374.72,+212 0754132630,PENDING,328
347,CIN-A901881,Houda Naciri,2327.93,2120.41,207.52,+212 0629830922,PENDING,230
348,CIN-C303273,Karim Naciri,596.51,277.17,319.34,+212 0703860729,PENDING,36
349,CIN-B663053,Mehdi Kabbaj,1084.39,546.37,538.02,+212 0751295197,PENDING,344
350,CIN-D954778,Hassan Benjelloun,899.57,345.11,554.46,+212 0702786348,PENDING,430
351,CIN-A210529,Othmane Mansouri,1967.61,711.45,1256.16,+212 0628069552,PENDING,37
352,CIN-D891042,Soufiane Alaoui,1771.84,1057.24,714.6,+212 0661566785,PENDING,108
353,CIN-C757094,Fatima Tahiri,606.28,44.05,562.23,+212 0688104238,PENDING,186
354,CIN-C729793,Soufiane Mansouri,708.41,439.22,269.19,+212 0745085548,PENDING,527
355,CIN-C751764,Youssef Tazi,2153.93,2047.31,106.62,+212 0643987888,PENDING,312
356,CIN-C812577,Othmane El Amrani,1941.84,1640.58,301.26,+212 0669095940,PENDING,136
357,CIN-C340994,Amine Berrada,352.69,199.51,153.18,+212 0677730881,PENDING,21
358,CIN-B470586,Mehdi Alaoui,490.7,284.56,206.14,+212 0777052979,PENDING,240
359,CIN-C645326,Fatima Bennani,1397.79,141.35,1256.44,+212 0791325332,PENDING,522
360,CIN-A192602,Amine Chraibi,1975.75,1522.33,453.42,+212 0662742212,PENDING,334
361,CIN-A103703,Reda Kabbaj,822.6,223.38,599.22,+212 0702461016,PENDING,507
362,CIN-D299542,Ilham Naciri,345.49,307.49,38.0,+212 0730951460,PENDING,506
363,CIN-D682753,Hassan Naciri,512.65,157.72,354.93,+212 0640440121,PENDING,351
364,CIN-B729239,Mehdi Naciri,2391.26,2302.4,88.86,+212 0736145501,PENDING,17
365,CIN-D739893,Siham Daoudi,703.03,58.29,644.74,+212 0786677564,PENDING,514
366,CIN-B189540,Hassan Alaoui,1951.71,392.77,1558.94,+212 0609481685,PENDING,2
367,CIN-B379484,Youssef Benjelloun,1750.71,826.57,924.14,+212 0761870273,PENDING,400
368,CIN-B911426,Omar Chraibi,1207.74,942.55,265.19,+212 0742508823,PENDING,272
369,CIN-B733814,Nadia Bennani,1617.73,1009.84,607.89,+212 0777323724,PENDING,170
370,CIN-C515409,Fatima Chraibi,1658.22,409.51,1248.71,+212 0661869460,PENDING,154
371,CIN-A309399,Meryem El Amrani,2287.49,577.11,1710.38,+212 0769582616,PENDING,284
372,CIN-A728682,Reda Naciri,2420.11,1521.36,898.75,+212 0625802562,PENDING,454
373,CIN-C493432,Zineb Mansouri,748.39,326.17,422.22,+212 0704241426,PENDING,159
374,CIN-D505761,Youssef Chraibi,1113.76,969.93,143.83,+212 0743007247,PENDING,11
375,CIN-D931762,Mehdi Benjelloun,2408.15,859.55,1548.6,+212 0697837476,PENDING,230
376,CIN-D771542,Siham Chraibi,1283.12,933.91,349.21,+212 0642784128,PENDING,423
377,CIN-D738860,Khadija Berrada,1948.92,1886.68,62.24,+212 0661249987,PENDING,294
378,CIN-A858494,Reda Benjelloun,1680.93,1397.06,283.87,+212 0706812756,PENDING,11
379,CIN-A496809,Nadia Skalli,806.32,29.69,776.63,+212 0625868481,PENDING,164
380,CIN-C375603,Othmane El Idrissi,762.17,56.58,705.59,+212 0793865120,PENDING,114
381,CIN-D245236,Amine Mansouri,951.59,122.55,829.04,+212 0786477016,PENDING,17
382,CIN-B951881,Hassan Alaoui,2223.86,335.71,1888.15,+212 0727065381,PENDING,484
383,CIN-A426543,Othmane Mansouri,1396.13,462.19,933.94,+212 0635435129,PENDING,369
384,CIN-C967859,Nadia Alaoui,1407.88,796.69,611.19,+212 0795240500,PENDING,324
385,CIN-C696396,Amine Mansouri,1993.43,1488.34,505.09,+212 0766058809,PENDING,161
386,CIN-B216112,Reda Benjelloun,1639.17,346.1,1293.07,+212 0788322570,PENDING,110
387,CIN-D466858,Othmane Naciri,1088.1,814.97,273.13,+212 0628928149,PENDING,445
388,CIN-A431277,Khadija Bennani,2164.65,1276.01,888.64,+212 0781548361,PENDING,248
389,CIN-B408752,Othmane Tazi,1438.53,320.16,1118.37,+212 0749347430,PENDING,146
390,CIN-A528930,Houda Mansouri,1132.52,1067.79,64.73,+212 0756611556,PENDING,4
391,CIN-B808897,Youssef El Idrissi,1531.01,586.21,944.8,+212 0787660178,PENDING,391
392,CIN-D866197,Zineb Mansouri,2147.75,1859.75,288.0,+212 0730748027,PENDING,138
393,CIN-B210830,Mehdi El Amrani,2367.6,2136.77,230.83,+212 0699699465,PENDING,487
394,CIN-A800281,Othmane El Idrissi,801.17,297.94,503.23,+212 0738684438,PENDING,402
395,CIN-D851915,Zineb El Idrissi,2218.6,607.07,1611.53,+212 0795573815,PENDING,463
396,CIN-B998293,Ilham Naciri,1487.48,885.98,601.5,+212 0681561302,PENDING,166
397,CIN-D648851,Othmane Alaoui,1979.68,1727.63,252.05,+212 0669497397,PENDING,475
398,CIN-D212949,Nadia Chraibi,1731.49,663.82,1067.67,+212 0718175340,PENDING,452
399,CIN-B223631,Khadija Benjelloun,1953.32,1637.21,316.11,+212 0756344060,PENDING,36
400,CIN-B948967,Siham Tazi,1511.98,1340.19,171.79,+212 0796727833,PENDING,183
401,CIN-A891018,Ilham Alaoui,1010.27,210.11,800.16,+212 0696824369,PENDING,130
402,CIN-C859549,Ilham Daoudi,2230.18,99.65,2130.53,+212 0726715691,PENDING,480
403,CIN-A611149,Siham Tahiri,2033.83,30.24,2003.59,+212 0694541646,PENDING,111
404,CIN-D828684,Othmane El Idrissi,942.87,1.09,941.78,+212 0685300455,PENDING,522
405,CIN-D778123,Soufiane Tahiri,2221.77,1186.35,1035.42,+212 0622200659,PENDING,463
406,CIN-D989169,Karim Berrada,833.9,96.18,737.72,+212 0618034206,PENDING,178
407,CIN-D248539,Karim Bennani,262.42,131.1,131.32,+212 0768708179,PENDING,128
408,CIN-A884071,Khadija Berrada,293.37,127.25,166.12,+212 0604658365,PENDING,99
409,CIN-D166019,Houda Bennani,1075.29,446.38,628.91,+212 0636622208,PENDING,29
410,CIN-B408970,Amine Mansouri,434.5,103.24,331.26,+212 0709639947,PENDING,543
411,CIN-C426797,Othmane El Amrani,1412.99,982.11,430.88,+212 0647407943,PENDING,292
412,CIN-B278516,Saddik Bennani,2015.66,1351.76,663.9,+212 0766619621,PENDING,242
413,CIN-D456175,Meryem El Amrani,1500.87,271.02,1229.85,+212 0697610321,PENDING,515
414,CIN-B812537,Saddik Berrada,1795.36,1747.95,47.41,+212 0770511938,PENDING,64
415,CIN-B917467,Reda Benjelloun,1546.48,418.46,1128.02,+212 0772919304,PENDING,34
416,CIN-C531103,Youssef Kabbaj,310.08,174.06,136.02,+212 0727311876,PENDING,504
417,CIN-C944187,Khadija Berrada,2314.43,429.94,1884.49,+212 0750384101,PENDING,192
418,CIN-B827108,Siham Mansouri,483.06,127.81,355.25,+212 0744066159,PENDING,132
419,CIN-C942687,Ilham Bennani,422.27,369.78,52.49,+212 0748618382,PENDING,346
420,CIN-A636604,Hassan Berrada,1752.76,208.27,1544.49,+212 0617245605,PENDING,180
421,CIN-B643444,Houda Tazi,233.09,148.82,84.27,+212 0678087135,PENDING,315
422,CIN-B431276,Karim Berrada,1161.62,227.97,933.65,+212 0657036595,PENDING,490
423,CIN-A863886,Ilham Bennani,161.77,117.73,44.04,+212 0690469981,PENDING,449
424,CIN-B957022,Hassan Skalli,444.15,38.16,405.99,+212 0626167167,PENDING,510
425,CIN-B974924,Zineb Benjelloun,228.36,33.1,195.26,+212 0626210830,PENDING,192
426,CIN-A810220,Omar Chraibi,144.86,113.7,31.16,+212 0619384153,PENDING,71
427,CIN-D956097,Siham Alaoui,1796.33,927.15,869.18,+212 0673139729,PENDING,184
428,CIN-A114731,Omar Alaoui,1369.92,1273.75,96.17,+212 0642387680,PENDING,496
429,CIN-C357802,Nadia Chraibi,2052.14,1515.18,536.96,+212 0677097852,PENDING,68
430,CIN-C365027,Zineb Benjelloun,551.74,288.82,262.92,+212 0617448519,PENDING,288
431,CIN-A651041,Mehdi Chraibi,2369.09,1589.89,779.2,+212 0702588551,PENDING,538
432,CIN-C731052,Khadija Skalli,1555.17,985.05,570.12,+212 0608748531,PENDING,444
433,CIN-A880846,Amine Daoudi,789.8,650.75,139.05,+212 0725477753,PENDING,461
434,CIN-B219729,Meryem Alaoui,2005.36,1076.69,928.67,+212 0647811016,PENDING,533
435,CIN-A507191,Karim Kabbaj,1465.95,1157.77,308.18,+212 0769316815,PENDING,295
436,CIN-B350343,Amine Skalli,1578.12,1125.67,452.45,+212 0644519649,PENDING,26
437,CIN-C528982,Omar Bennani,1012.95,967.48,45.47,+212 0617484252,PENDING,476
438,CIN-C659385,Othmane Mansouri,386.43,84.25,302.18,+212 0773908753,PENDING,209
439,CIN-C305913,Mehdi El Idrissi,488.53,133.48,355.05,+212 0713331695,PENDING,137
440,CIN-D605320,Hassan El Idrissi,687.28,189.59,497.69,+212 0716978837,PENDING,162
441,CIN-D431709,Ilham Bennani,1924.2,592.69,1331.51,+212 0688842716,PENDING,427
442,CIN-D414346,Mehdi Kabbaj,776.46,275.83,500.63,+212 0684034769,PENDING,380
443,CIN-B640228,Zineb El Amrani,1764.96,1641.83,123.13,+212 0768994253,PENDING,194
444,CIN-B864259,Houda El Amrani,1052.53,244.41,808.12,+212 0618721398,PENDING,18
445,CIN-D869296,Amine Kabbaj,2308.55,82.63,2225.92,+212 0765723861,PENDING,49
446,CIN-A919967,Omar Tahiri,282.93,232.42,50.51,+212 0636406958,PENDING,370
447,CIN-C715712,Zineb El Amrani,1888.21,142.23,1745.98,+212 0777350318,PENDING,472
448,CIN-A952916,Hassan Berrada,2095.45,134.01,1961.44,+212 0685563366,PENDING,189
449,CIN-A952164,Omar Skalli,635.36,93.28,542.08,+212 0611828913,PENDING,331
450,CIN-C495298,Omar Tahiri,278.07,43.11,234.96,+212 0658147960,PENDING,144
451,CIN-B373788,Youssef Tahiri,683.7,617.07,66.63,+212 0779768854,PENDING,395
452,CIN-B110339,Soufiane Daoudi,2016.76,1670.85,345.91,+212 0695463733,PENDING,43
453,CIN-A231851,Saddik Benjelloun,634.54,4.38,630.16,+212 0762342530,PENDING,539
454,CIN-A661388,Zineb El Amrani,2037.89,1637.96,399.93,+212 0611295207,PENDING,507
455,CIN-B771343,Zineb Tazi,1861.08,543.53,1317.55,+212 0766370704,PENDING,487
456,CIN-B259749,Meryem Benjelloun,568.33,525.86,42.47,+212 0735355462,PENDING,549
457,CIN-B499088,Othmane Tazi,2222.87,668.02,1554.85,+212 0609749091,PENDING,111
458,CIN-C634344,Khadija El Idrissi,1555.54,581.03,974.51,+212 0641859400,PENDING,412
459,CIN-C486465,Karim Tazi,904.37,7.04,897.33,+212 0744956977,PENDING,439
460,CIN-C126587,Siham Alaoui,2293.69,1750.18,543.51,+212 0700152290,PENDING,92
461,CIN-A720860,Siham Tahiri,957.56,462.24,495.32,+212 0720121722,PENDING,308
462,CIN-D321255,Amine Daoudi,633.94,110.34,523.6,+212 0641985778,PENDING,296
463,CIN-A625480,Saddik Berrada,364.92,261.01,103.91,+212 0607357136,PENDING,456
464,CIN-C766271,Reda Bennani,1219.24,704.57,514.67,+212 0735258535,PENDING,349
465,CIN-A666827,Zineb Alaoui,387.82,104.81,283.01,+212 0704387243,PENDING,525
466,CIN-B360281,Youssef Tazi,806.0,609.97,196.03,+212 0714425096,PENDING,509
467,CIN-C645869,Youssef Benjelloun,896.7,435.6,461.1,+212 0750880639,PENDING,296
468,CIN-D860722,Soufiane Mansouri,897.57,311.64,585.93,+212 0696537047,PENDING,515
469,CIN-C422934,Meryem Bennani,2227.81,1355.08,872.73,+212 0783505183,PENDING,31
470,CIN-B548596,Karim Naciri,537.42,194.76,342.66,+212 0701429503,PENDING,251
471,CIN-C507851,Youssef Berrada,1013.95,228.06,785.89,+212 0610454980,PENDING,27
472,CIN-A535428,Zineb Naciri,1047.09,196.4,850.69,+212 0609666349,PENDING,385
473,CIN-D295214,Soufiane Skalli,2178.36,814.25,1364.11,+212 0739045543,PENDING,228
474,CIN-D594180,Mehdi Benjelloun,563.07,338.15,224.92,+212 0610811038,PENDING,196
475,CIN-D111385,Houda El Amrani,2328.75,2251.51,77.24,+212 0677898196,PENDING,427
476,CIN-B336093,Reda Naciri,2169.3,2042.28,127.02,+212 0733165098,PENDING,546
477,CIN-B392977,Fatima Kabbaj,258.46,46.5,211.96,+212 0790140543,PENDING,386
478,CIN-B485372,Reda Chraibi,2411.34,1245.85,1165.49,+212 0738439537,PENDING,530
479,CIN-B291355,Soufiane Kabbaj,130.46,106.87,23.59,+212 0658496200,PENDING,231
480,CIN-C471111,Fatima Tazi,184.71,2.02,182.69,+212 0701738555,PENDING,51
481,CIN-C337616,Omar Bennani,929.47,581.8,347.67,+212 0761426624,PENDING,422
482,CIN-C747939,Amine Bennani,1286.74,980.73,306.01,+212 0711080026,PENDING,106
483,CIN-A564675,Ilham Chraibi,586.95,188.77,398.18,+212 0764252753,PENDING,501
484,CIN-D307523,Amine El Idrissi,1909.89,1785.49,124.4,+212 0672565633,PENDING,264
485,CIN-A928517,Houda Tahiri,559.58,172.01,387.57,+212 0690000242,PENDING,74
486,CIN-D410216,Othmane Kabbaj,2028.64,911.35,1117.29,+212 0666259578,PENDING,306
487,CIN-C157637,Reda Chraibi,366.83,47.44,319.39,+212 0721727421,PENDING,295
488,CIN-A763572,Omar Alaoui,2458.26,1162.39,1295.87,+212 0771616849,PENDING,157
489,CIN-D350872,Reda Mansouri,1021.2,240.51,780.69,+212 0679414550,PENDING,217
490,CIN-B620320,Reda Skalli,569.7,26.19,543.51,+212 0638242985,PENDING,61
491,CIN-D992684,Hassan Chraibi,801.2,357.18,444.02,+212 0746346474,PENDING,347
492,CIN-C666799,Omar El Amrani,1462.38,364.72,1097.66,+212 0652218159,PENDING,546
493,CIN-C206032,Houda Daoudi,273.43,53.43,220.0,+212 0760882323,PENDING,74
494,CIN-D521662,Siham Berrada,691.36,404.9,286.46,+212 0749457031,PENDING,106
495,CIN-A406745,Omar Kabbaj,234.22,195.14,39.08,+212 0624707308,PENDING,81
496,CIN-A170446,Saddik El Idrissi,765.76,726.43,39.33,+212 0745451733,PENDING,417
497,CIN-D919260,Reda Skalli,912.87,898.43,14.44,+212 0757815916,PENDING,362
498,CIN-A219252,Omar Kabbaj,905.83,609.46,296.37,+212 0728642136,PENDING,492
499,CIN-D840483,Ilham Bennani,2183.81,663.9,1519.91,+212 0622945319,PENDING,325
500,CIN-B642877,Zineb Bennani,295.22,83.27,211.95,+212 0680540085,PENDING,14
501,CIN-D445130,Siham El Amrani,1695.4,1026.38,669.02,+212 0796199097,PENDING,82
502,CIN-D170611,Ilham El Amrani,642.78,67.68,575.1,+212 0781574916,PENDING,434
503,CIN-B124243,Youssef Naciri,2214.98,960.36,1254.62,+212 0767885168,PENDING,207
504,CIN-C119004,Meryem Berrada,2416.79,2401.33,15.46,+212 0779401541,PENDING,409
505,CIN-B385040,Soufiane Benjelloun,1334.07,780.64,553.43,+212 0688116787,PENDING,524
506,CIN-C404531,Soufiane Benjelloun,2471.91,1383.02,1088.89,+212 0796675716,PENDING,25
507,CIN-C584328,Mehdi Kabbaj,437.43,41.06,396.37,+212 0726839699,PENDING,98
508,CIN-B867911,Meryem Skalli,2417.53,1965.86,451.67,+212 0601684512,PENDING,278
509,CIN-D511526,Siham Alaoui,2222.87,2093.79,129.08,+212 0789303814,PENDING,53
510,CIN-D546519,Siham Mansouri,759.88,436.02,323.86,+212 0729225953,PENDING,173
511,CIN-D585492,Houda Bennani,385.07,2.13,382.94,+212 0732727206,PENDING,378
512,CIN-C926672,Amine El Idrissi,2428.39,2138.36,290.03,+212 0730375374,PENDING,63
513,CIN-A391783,Reda Alaoui,2375.64,1824.44,551.2,+212 0668294817,PENDING,430
514,CIN-A382486,Fatima Skalli,1271.47,742.33,529.14,+212 0691637980,PENDING,459
515,CIN-D140916,Reda Daoudi,450.79,75.1,375.69,+212 0639797087,PENDING,71
516,CIN-B950657,Zineb Naciri,858.41,144.38,714.03,+212 0644310299,PENDING,147
517,CIN-A931958,Othmane Skalli,327.14,292.9,34.24,+212 0700925427,PENDING,528
518,CIN-C962915,Reda Bennani,616.58,426.56,190.02,+212 0680343071,PENDING,223
519,CIN-C681302,Zineb El Idrissi,2215.07,2065.41,149.66,+212 0682759868,PENDING,100
520,CIN-D366304,Reda Daoudi,1527.79,753.55,774.24,+212 0767482232,PENDING,170
521,CIN-C156036,Nadia Chraibi,2059.99,17.14,2042.85,+212 0717426588,PENDING,418
522,CIN-A974397,Fatima Chraibi,1145.14,97.18,1047.96,+212 0701160124,PENDING,108
523,CIN-A494945,Saddik Tazi,342.95,140.42,202.53,+212 0610969262,PENDING,278
524,CIN-C324772,Siham El Amrani,1225.53,896.04,329.49,+212 0731410924,PENDING,187
525,CIN-D281284,Zineb El Amrani,1504.27,1123.75,380.52,+212 0768642961,PENDING,284
526,CIN-A423692,Fatima Kabbaj,1999.19,1518.08,481.11,+212 0731889706,PENDING,274
527,CIN-B395248,Saddik Chraibi,1034.33,17.93,1016.4,+212 0757199167,PENDING,152
528,CIN-C726559,Fatima Benjelloun,2147.15,158.96,1988.19,+212 0640781366,PENDING,136
529,CIN-C613242,Youssef Alaoui,2082.13,20.81,2061.32,+212 0694271342,PENDING,59
530,CIN-C962384,Fatima Berrada,1098.61,988.4,110.21,+212 0657164004,PENDING,167
531,CIN-A981531,Karim Kabbaj,732.65,194.95,537.7,+212 0764663971,PENDING,93
532,CIN-D430768,Othmane Alaoui,434.7,400.09,34.61,+212 0657599794,PENDING,415
533,CIN-C836749,Othmane Naciri,1205.4,504.55,700.85,+212 0776674913,PENDING,523
534,CIN-B835829,Karim El Amrani,347.65,318.76,28.89,+212 0624221645,PENDING,140
535,CIN-B430708,Zineb Mansouri,2193.39,622.25,1571.14,+212 0614610049,PENDING,44
536,CIN-A663011,Reda Benjelloun,2107.94,704.79,1403.15,+212 0665146905,PENDING,233
537,CIN-A622125,Saddik Tahiri,1255.06,443.57,811.49,+212 0605783410,PENDING,367
538,CIN-B860505,Soufiane El Amrani,186.12,167.84,18.28,+212 0654513640,PENDING,306
539,CIN-C701206,Youssef Naciri,520.62,379.04,141.58,+212 0795031215,PENDING,366
540,CIN-C940578,Meryem Tahiri,1479.24,1250.12,229.12,+212 0641971665,PENDING,222
541,CIN-C310861,Houda Benjelloun,1009.79,46.52,963.27,+212 0670328032,PENDING,205
542,CIN-A166268,Karim Bennani,1052.59,922.51,130.08,+212 0679216514,PENDING,102
543,CIN-B228046,Nadia Daoudi,2174.52,1869.18,305.34,+212 0726117370,PENDING,384
544,CIN-A308490,Karim El Idrissi,601.55,500.9,100.65,+212 0635599673,PENDING,110
545,CIN-A311108,Omar Mansouri,464.36,94.22,370.14,+212 0643466629,PENDING,387
546,CIN-B109808,Hassan Tahiri,2434.97,190.58,2244.39,+212 0740601461,PENDING,352
547,CIN-D410619,Houda Chraibi,1824.76,1009.48,815.28,+212 0775393600,PENDING,529
548,CIN-A625769,Mehdi El Idrissi,361.65,73.08,288.57,+212 0633694175,PENDING,31
549,CIN-D685713,Meryem Tazi,1716.73,769.71,947.02,+212 0782554838,PENDING,385
550,CIN-A604613,Soufiane Kabbaj,311.73,61.95,249.78,+212 0790507309,PENDING,131
551,CIN-D884981,Reda El Idrissi,1457.49,1392.95,64.54,+212 0736667313,PENDING,183
552,CIN-C306420,Mehdi Daoudi,1755.64,696.16,1059.48,+212 0754701121,PENDING,368
553,CIN-A905781,Mehdi Tahiri,1558.95,1244.93,314.02,+212 0694272828,PENDING,360
554,CIN-A503281,Othmane El Amrani,2222.33,817.71,1404.62,+212 0702874477,PENDING,288
555,CIN-A525657,Soufiane Skalli,1403.11,288.53,1114.58,+212 0699244235,PENDING,530
556,CIN-B341291,Hassan Tahiri,849.45,643.64,205.81,+212 0696062638,PENDING,113
557,CIN-D628891,Ilham Mansouri,1538.96,900.71,638.25,+212 0745456031,PENDING,395
558,CIN-D619536,Zineb Daoudi,965.43,176.65,788.78,+212 0629645482,PENDING,128
559,CIN-D593591,Omar Naciri,1458.31,1060.17,398.14,+212 0699413644,PENDING,165
560,CIN-A817062,Reda Chraibi,1488.27,177.64,1310.63,+212 0701470823,PENDING,387
561,CIN-C478627,Meryem Daoudi,364.64,236.73,127.91,+212 0684427180,PENDING,334
562,CIN-D886932,Siham Daoudi,1568.37,143.53,1424.84,+212 0712174475,PENDING,235
563,CIN-B480395,Reda Alaoui,1039.69,129.06,910.63,+212 0704702371,PENDING,24
564,CIN-C186993,Khadija Mansouri,1004.29,511.74,492.55,+212 0603581397,PENDING,443
565,CIN-C724271,Meryem Berrada,1621.58,1138.59,482.99,+212 0705589723,PENDING,65
566,CIN-A290885,Reda Kabbaj,1996.22,1134.46,861.76,+212 0752292977,PENDING,374
567,CIN-D286425,Zineb El Idrissi,1613.67,1280.0,333.67,+212 0754220548,PENDING,114
568,CIN-B153646,Othmane Skalli,545.95,275.14,270.81,+212 0635370632,PENDING,4
569,CIN-B173995,Meryem El Idrissi,1603.39,706.19,897.2,+212 0763295166,PENDING,357
570,CIN-D512271,Ilham Chraibi,1757.74,1116.7,641.04,+212 0737470303,PENDING,250
571,CIN-C337376,Youssef Berrada,2393.88,1236.47,1157.41,+212 0787175840,PENDING,69
572,CIN-B584589,Soufiane Daoudi,1375.43,758.79,616.64,+212 0722887617,PENDING,280
573,CIN-B491138,Hassan Chraibi,2227.92,129.11,2098.81,+212 0605882870,PENDING,91
574,CIN-C793090,Karim Naciri,1244.29,732.73,511.56,+212 0745009706,PENDING,265
575,CIN-C756354,Ilham Naciri,220.86,213.19,7.67,+212 0625346115,PENDING,343
576,CIN-A340231,Amine Kabbaj,537.72,473.11,64.61,+212 0678201581,PENDING,31
577,CIN-B254018,Hassan Tahiri,2245.11,2187.56,57.55,+212 0731169515,PENDING,211
578,CIN-A789204,Youssef Bennani,730.95,579.01,151.94,+212 0707137667,PENDING,64
579,CIN-B678467,Youssef El Idrissi,1021.7,10.18,1011.52,+212 0664051183,PENDING,283
580,CIN-B436883,Khadija Naciri,152.79,106.61,46.18,+212 0740790438,PENDING,231
581,CIN-A360210,Fatima Bennani,343.02,65.23,277.79,+212 0761552241,PENDING,267
582,CIN-B594636,Khadija Berrada,289.41,254.24,35.17,+212 0789265835,PENDING,246
583,CIN-C560404,Nadia Kabbaj,1388.3,1179.42,208.88,+212 0760694568,PENDING,53
584,CIN-B723249,Omar Tahiri,2405.96,2050.05,355.91,+212 0779965912,PENDING,259
585,CIN-C725043,Karim Tahiri,2189.34,1792.45,396.89,+212 0607845784,PENDING,64
586,CIN-D113729,Hassan El Amrani,1864.37,314.4,1549.97,+212 0771465028,PENDING,77
587,CIN-D653685,Saddik Tazi,2496.49,1267.36,1229.13,+212 0608189813,PENDING,57
588,CIN-D240376,Saddik El Amrani,370.09,16.26,353.83,+212 0744453256,PENDING,92
589,CIN-C893112,Omar Tahiri,2435.76,2217.47,218.29,+212 0711094526,PENDING,538
590,CIN-D773346,Nadia El Idrissi,1635.38,217.11,1418.27,+212 0714620008,PENDING,432
591,CIN-B181980,Zineb Alaoui,816.1,642.46,173.64,+212 0772228556,PENDING,286
592,CIN-A348349,Houda Daoudi,1452.86,515.79,937.07,+212 0607327619,PENDING,459
593,CIN-C670213,Omar Benjelloun,2397.83,1082.16,1315.67,+212 0625375933,PENDING,322
594,CIN-B338354,Omar Naciri,374.35,371.58,2.77,+212 0794007467,PENDING,470
595,CIN-A439908,Reda Daoudi,1954.2,1587.84,366.36,+212 0618821076,PENDING,373
596,CIN-D601755,Saddik Kabbaj,2240.86,1199.75,1041.11,+212 0642537769,PENDING,256
597,CIN-D979903,Karim Tahiri,414.35,154.65,259.7,+212 0760702873,PENDING,131
598,CIN-B600782,Saddik Benjelloun,602.3,17.14,585.16,+212 0616629668,PENDING,235
599,CIN-D630776,Youssef Naciri,736.27,385.47,350.8,+212 0726854460,PENDING,540
600,CIN-A601604,Hassan Berrada,1478.47,1385.95,92.52,+212 0691330442,PENDING,334
601,CIN-C125998,Houda Kabbaj,2489.47,745.97,1743.5,+212 0764504462,PENDING,317
602,CIN-A165433,Zineb Benjelloun,1743.98,1321.55,422.43,+212 0731664170,PENDING,227
603,CIN-C806983,Karim Bennani,625.46,366.64,258.82,+212 0742120660,PENDING,513
604,CIN-A560259,Soufiane Tazi,162.76,135.37,27.39,+212 0628917088,PENDING,145
605,CIN-D912494,Ilham El Idrissi,761.22,723.88,37.34,+212 0608772269,PENDING,401
606,CIN-C895726,Soufiane Bennani,2333.7,526.71,1806.99,+212 0701500858,PENDING,278
607,CIN-C248648,Othmane El Idrissi,1480.77,1054.17,426.6,+212 0667921271,PENDING,416
608,CIN-D367674,Nadia Skalli,322.58,39.54,283.04,+212 0696837201,PENDING,323
609,CIN-A339199,Hassan Alaoui,2358.05,1090.84,1267.21,+212 0658196348,PENDING,19
610,CIN-A460289,Hassan Tazi,2123.45,644.9,1478.55,+212 0656915393,PENDING,83
611,CIN-D819771,Othmane Berrada,2345.5,1171.89,1173.61,+212 0704661010,PENDING,67
612,CIN-C302351,Omar Kabbaj,1474.45,1095.96,378.49,+212 0718932986,PENDING,439
613,CIN-B954062,Zineb El Idrissi,2478.13,1917.02,561.11,+212 0618187850,PENDING,476
614,CIN-A236768,Othmane Naciri,821.95,586.25,235.7,+212 0625142618,PENDING,320
615,CIN-A816042,Siham Benjelloun,252.1,205.34,46.76,+212 0619338730,PENDING,396
616,CIN-C774698,Siham Bennani,193.4,45.43,147.97,+212 0795737756,PENDING,106
617,CIN-D503975,Zineb El Idrissi,151.93,89.68,62.25,+212 0607259403,PENDING,269
618,CIN-C404456,Mehdi Alaoui,1502.56,1043.0,459.56,+212 0698455225,PENDING,262
619,CIN-D998381,Soufiane Bennani,2042.17,345.27,1696.9,+212 0641363255,PENDING,112
620,CIN-B316672,Mehdi El Amrani,664.47,488.07,176.4,+212 0761311137,PENDING,431
621,CIN-A641651,Youssef Daoudi,1226.5,844.05,382.45,+212 0613522111,PENDING,31
622,CIN-B641351,Youssef Daoudi,2366.98,1300.12,1066.86,+212 0799333091,PENDING,85
623,CIN-A672103,Nadia Bennani,1612.66,979.48,633.18,+212 0620828968,PENDING,123
624,CIN-D609584,Soufiane Naciri,738.32,150.56,587.76,+212 0728358805,PENDING,447
625,CIN-C702803,Houda Skalli,1300.59,594.73,705.86,+212 0624464423,PENDING,543
626,CIN-D490743,Othmane Chraibi,1833.57,1161.99,671.58,+212 0709270290,PENDING,262
627,CIN-B964906,Fatima Naciri,2460.87,1959.02,501.85,+212 0789801476,PENDING,412
628,CIN-B975454,Khadija El Idrissi,556.55,374.63,181.92,+212 0758668140,PENDING,278
629,CIN-B373235,Soufiane Chraibi,1393.06,351.26,1041.8,+212 0736793263,PENDING,353
630,CIN-D491285,Omar Benjelloun,1737.7,101.14,1636.56,+212 0759661446,PENDING,532
631,CIN-C114868,Youssef Daoudi,1701.82,1590.09,111.73,+212 0771070611,PENDING,181
632,CIN-C124000,Soufiane Bennani,500.21,107.08,393.13,+212 0706585522,PENDING,309
633,CIN-D884300,Karim Daoudi,792.89,344.83,448.06,+212 0786181745,PENDING,324
634,CIN-A331474,Fatima Tazi,1158.85,606.38,552.47,+212 0669008973,PENDING,435
635,CIN-D156293,Youssef Skalli,952.43,586.53,365.9,+212 0746743340,PENDING,329
636,CIN-C752629,Khadija Mansouri,911.11,719.27,191.84,+212 0633431727,PENDING,433
637,CIN-C259562,Reda El Idrissi,1769.18,170.9,1598.28,+212 0640261015,PENDING,391
638,CIN-B133542,Omar El Amrani,598.18,101.23,496.95,+212 0785778846,PENDING,381
639,CIN-A183445,Omar Benjelloun,2113.71,284.19,1829.52,+212 0768272634,PENDING,522
640,CIN-C929754,Saddik Kabbaj,1409.73,398.68,1011.05,+212 0741818271,PENDING,106
