id,total,profit,pharmacy_id,pharmacist_id,created_at,day,date,year,year_month_value,week_of_month
1,247.58,80.19,104,213,2025-07-30T09:14:56,30,2025-07-30,2025,2025-07,5
2,80.02,25.49,101,223,2025-05-29T10:21:59,29,2025-05-29,2025,2025-05,5
3,60.48,16.32,109,208,2026-03-08T17:34:37,8,2026-03-08,2026,2026-03,2
4,181.24,66.88,108,210,2026-06-10T18:48:26,10,2026-06-10,2026,2026-06,2
5,713.14,139.54,108,222,2026-06-18T13:29:27,18,2026-06-18,2026,2026-06,3
6,904.72,248.86,105,219,2026-07-16T13:55:11,16,2026-07-16,2026,2026-07,3
7,257.35,61.03,104,212,2026-04-10T15:15:31,10,2026-04-10,2026,2026-04,2
8,536.48,148.92,118,216,2026-07-24T09:05:30,24,2026-07-24,2026,2026-07,4
9,773.57,241.25,103,218,2025-08-06T10:49:00,6,2025-08-06,2025,2025-08,2
10,200.13,50.22,119,217,2025-10-01T08:31:37,1,2025-10-01,2025,2025-10,1
11,444.95,91.46,114,212,2026-02-15T09:16:00,15,2026-02-15,2026,2026-02,3
12,306.27,93.18,102,214,2025-06-11T14:44:11,11,2025-06-11,2025,2025-06,3
13,518.46,154.33,101,224,2026-03-11T16:50:28,11,2026-03-11,2026,2026-03,3
14,177.05,43.38,103,218,2025-07-29T13:29:13,29,2025-07-29,2025,2025-07,5
15,285.27,90.03,107,211,2026-01-25T17:41:43,25,2026-01-25,2026,2026-01,4
16,153.18,45.15,108,212,2025-01-20T16:22:10,20,2025-01-20,2025,2025-01,4
17,26.68,6.52,117,223,2026-03-04T13:16:13,4,2026-03-04,2026,2026-03,2
18,290.24,66.36,120,215,2026-04-17T14:35:14,17,2026-04-17,2026,2026-04,3
19,298.56,98.28,101,209,2026-02-15T17:32:18,15,2026-02-15,2026,2026-02,3
20,278.30,79.65,118,210,2025-12-08T11:03:38,8,2025-12-08,2025,2025-12,2
21,112.59,34.72,107,209,2025-12-24T14:23:29,24,2025-12-24,2025,2025-12,4
22,969.68,305.27,118,208,2025-07-01T19:25:53,1,2025-07-01,2025,2025-07,1
23,136.77,33.12,114,204,2025-11-07T13:00:01,7,2025-11-07,2025,2025-11,2
24,702.77,212.54,108,224,2025-02-08T09:02:08,8,2025-02-08,2025,2025-02,2
25,213.32,64.03,115,207,2026-04-06T18:24:24,6,2026-04-06,2026,2026-04,2
26,258.92,56.19,119,211,2025-03-28T17:11:06,28,2025-03-28,2025,2025-03,5
27,958.43,222.79,109,204,2025-10-17T15:03:09,17,2025-10-17,2025,2025-10,3
28,1255.50,351.00,101,224,2025-05-25T14:22:05,25,2025-05-25,2025,2025-05,4
29,450.05,113.41,106,218,2026-06-24T09:42:04,24,2026-06-24,2026,2026-06,4
30,460.48,130.49,114,225,2026-06-24T08:41:13,24,2026-06-24,2026,2026-06,4
31,830.73,227.52,111,223,2025-09-01T16:05:11,1,2025-09-01,2025,2025-09,1
32,1052.09,346.50,109,206,2026-04-18T13:07:46,18,2026-04-18,2026,2026-04,3
33,628.71,145.66,105,207,2025-03-27T10:55:06,27,2025-03-27,2025,2025-03,5
34,576.65,169.16,107,207,2026-05-30T14:48:27,30,2026-05-30,2026,2026-05,5
35,159.37,45.65,111,224,2025-12-10T10:39:31,10,2025-12-10,2025,2025-12,2
36,66.75,14.01,104,216,2025-01-06T09:26:32,6,2025-01-06,2025,2025-01,2
37,72.03,14.73,103,209,2026-06-25T15:42:18,25,2026-06-25,2026,2026-06,4
38,217.11,59.41,113,224,2026-03-06T19:37:54,6,2026-03-06,2026,2026-03,2
39,330.12,90.18,104,219,2025-03-29T17:31:47,29,2025-03-29,2025,2025-03,5
40,72.87,22.68,112,225,2025-01-17T14:30:02,17,2025-01-17,2025,2025-01,3
41,146.04,50.04,112,217,2025-12-07T10:25:43,7,2025-12-07,2025,2025-12,1
42,48.58,12.12,120,220,2026-04-21T16:42:41,21,2026-04-21,2026,2026-04,4
43,430.00,112.66,109,210,2025-02-12T13:44:42,12,2025-02-12,2025,2025-02,3
44,119.88,31.17,102,204,2025-12-06T12:58:25,6,2025-12-06,2025,2025-12,1
45,448.75,128.64,115,227,2026-01-31T14:10:19,31,2026-01-31,2026,2026-01,5
46,314.40,74.81,118,207,2026-03-17T18:58:02,17,2026-03-17,2026,2026-03,4
47,961.35,286.73,104,210,2026-03-13T11:02:01,13,2026-03-13,2026,2026-03,3
48,347.72,67.78,113,208,2026-03-25T08:38:00,25,2026-03-25,2026,2026-03,5
49,381.79,113.68,103,212,2026-04-06T14:45:11,6,2026-04-06,2026,2026-04,2
50,201.00,64.47,118,206,2026-02-01T18:13:29,1,2026-02-01,2026,2026-02,1
51,259.52,51.21,110,210,2025-10-20T16:56:31,20,2025-10-20,2025,2025-10,4
52,241.85,86.65,120,201,2025-11-24T14:19:28,24,2025-11-24,2025,2025-11,5
53,112.21,36.60,112,223,2025-06-28T14:34:50,28,2025-06-28,2025,2025-06,5
54,753.76,180.07,119,218,2026-04-24T18:02:32,24,2026-04-24,2026,2026-04,4
55,165.58,51.08,107,205,2026-02-24T18:27:56,24,2026-02-24,2026,2026-02,5
56,637.58,161.46,103,209,2026-04-23T17:25:05,23,2026-04-23,2026,2026-04,4
57,303.37,89.66,102,202,2026-06-15T10:47:08,15,2026-06-15,2026,2026-06,3
58,953.30,245.85,108,202,2025-10-09T10:16:43,9,2025-10-09,2025,2025-10,2
59,80.88,27.03,110,218,2025-02-12T08:30:59,12,2025-02-12,2025,2025-02,3
60,603.57,183.05,103,210,2025-08-04T18:24:55,4,2025-08-04,2025,2025-08,2
61,460.38,133.03,108,223,2026-03-02T16:48:55,2,2026-03-02,2026,2026-03,2
62,28.22,7.25,104,205,2025-09-11T10:33:52,11,2025-09-11,2025,2025-09,2
63,328.82,102.90,113,221,2026-03-05T12:31:10,5,2026-03-05,2026,2026-03,2
64,80.62,22.66,109,228,2025-11-12T17:03:15,12,2025-11-12,2025,2025-11,3
65,327.78,90.66,115,225,2025-08-09T18:37:10,9,2025-08-09,2025,2025-08,2
66,36.36,10.64,112,216,2026-02-17T14:39:42,17,2026-02-17,2026,2026-02,4
67,181.36,60.36,106,204,2026-07-21T13:15:13,21,2026-07-21,2026,2026-07,4
68,139.44,52.60,112,228,2025-05-02T10:20:32,2,2025-05-02,2025,2025-05,1
69,244.61,67.99,112,201,2026-01-10T10:37:34,10,2026-01-10,2026,2026-01,2
70,436.25,99.93,107,219,2026-06-16T16:19:09,16,2026-06-16,2026,2026-06,3
71,677.90,218.20,109,210,2025-11-03T18:48:30,3,2025-11-03,2025,2025-11,2
72,214.85,80.25,103,216,2025-11-12T19:27:19,12,2025-11-12,2025,2025-11,3
73,685.86,158.69,120,216,2025-08-22T08:56:05,22,2025-08-22,2025,2025-08,4
74,816.58,265.50,106,215,2025-07-28T15:28:14,28,2025-07-28,2025,2025-07,5
75,638.13,195.53,118,211,2025-09-28T19:06:21,28,2025-09-28,2025,2025-09,4
76,295.65,75.65,108,206,2025-10-08T13:14:20,8,2025-10-08,2025,2025-10,2
77,400.41,118.18,106,202,2025-12-20T10:39:59,20,2025-12-20,2025,2025-12,3
78,321.35,73.20,115,209,2025-10-06T10:29:56,6,2025-10-06,2025,2025-10,2
79,72.52,15.55,113,228,2026-06-28T12:06:29,28,2026-06-28,2026,2026-06,4
80,807.01,186.67,109,216,2025-06-11T15:24:27,11,2025-06-11,2025,2025-06,3
81,272.16,59.12,118,204,2026-03-04T11:12:00,4,2026-03-04,2026,2026-03,2
82,151.32,30.48,108,227,2025-10-24T08:40:55,24,2025-10-24,2025,2025-10,4
83,516.34,134.63,111,203,2025-10-19T16:16:16,19,2025-10-19,2025,2025-10,3
84,255.99,67.30,102,213,2026-02-20T15:47:09,20,2026-02-20,2026,2026-02,4
85,171.87,54.75,108,216,2025-11-06T18:36:12,6,2025-11-06,2025,2025-11,2
86,418.03,112.95,102,203,2025-05-02T16:28:20,2,2025-05-02,2025,2025-05,1
87,1073.70,312.94,111,219,2026-05-05T10:47:19,5,2026-05-05,2026,2026-05,2
88,71.30,25.71,113,221,2025-03-21T18:16:13,21,2025-03-21,2025,2025-03,4
89,344.78,93.71,109,222,2026-07-04T10:43:40,4,2026-07-04,2026,2026-07,1
90,441.27,128.62,103,202,2026-04-02T09:00:46,2,2026-04-02,2026,2026-04,1
91,83.89,23.02,107,205,2025-03-07T17:51:05,7,2025-03-07,2025,2025-03,2
92,752.91,219.48,119,205,2026-02-23T11:16:35,23,2026-02-23,2026,2026-02,5
93,632.16,151.84,111,226,2026-01-20T09:27:39,20,2026-01-20,2026,2026-01,4
94,573.10,152.96,107,219,2025-01-04T08:24:49,4,2025-01-04,2025,2025-01,1
95,714.14,228.07,116,210,2025-04-26T08:35:11,26,2025-04-26,2025,2025-04,4
96,90.62,21.56,113,203,2026-07-07T11:57:18,7,2026-07-07,2026,2026-07,2
97,576.08,183.36,115,208,2025-11-23T18:30:45,23,2025-11-23,2025,2025-11,4
98,636.38,188.93,105,204,2026-03-14T18:07:08,14,2026-03-14,2026,2026-03,3
99,190.05,50.05,109,218,2025-05-28T16:25:44,28,2025-05-28,2025,2025-05,5
100,101.01,31.83,105,225,2025-05-18T15:04:15,18,2025-05-18,2025,2025-05,3
101,815.62,171.05,108,214,2025-02-22T12:53:13,22,2025-02-22,2025,2025-02,4
102,473.75,107.09,118,220,2025-05-01T16:43:06,1,2025-05-01,2025,2025-05,1
103,363.77,100.94,118,220,2026-07-01T19:48:34,1,2026-07-01,2026,2026-07,1
104,413.02,98.02,109,226,2025-02-16T18:14:25,16,2025-02-16,2025,2025-02,3
105,1300.05,346.24,119,220,2025-12-04T12:11:14,4,2025-12-04,2025,2025-12,1
106,493.28,170.51,114,208,2026-07-14T16:53:22,14,2026-07-14,2026,2026-07,3
107,441.65,95.32,119,225,2025-02-19T08:06:58,19,2025-02-19,2025,2025-02,4
108,47.35,11.12,113,217,2026-07-19T15:29:17,19,2026-07-19,2026,2026-07,3
109,474.39,133.23,112,213,2025-01-18T17:08:33,18,2025-01-18,2025,2025-01,3
110,37.42,9.56,108,215,2025-11-04T09:28:03,4,2025-11-04,2025,2025-11,2
111,112.26,31.44,105,230,2025-02-27T19:35:29,27,2025-02-27,2025,2025-02,5
112,392.65,88.70,117,215,2025-12-06T18:18:03,6,2025-12-06,2025,2025-12,1
113,59.75,14.11,116,210,2026-05-02T12:56:06,2,2026-05-02,2026,2026-05,1
114,606.18,208.86,103,228,2025-02-03T11:15:54,3,2025-02-03,2025,2025-02,2
115,514.83,190.91,102,219,2026-07-08T14:02:20,8,2026-07-08,2026,2026-07,2
116,323.21,84.00,104,214,2025-12-01T08:32:21,1,2025-12-01,2025,2025-12,1
117,368.26,100.19,105,210,2025-03-17T09:29:36,17,2025-03-17,2025,2025-03,4
118,208.19,40.24,106,219,2025-10-04T09:51:39,4,2025-10-04,2025,2025-10,1
119,320.40,98.67,114,220,2026-07-22T09:41:39,22,2026-07-22,2026,2026-07,4
120,324.84,75.12,120,202,2025-05-23T12:53:43,23,2025-05-23,2025,2025-05,4
121,271.23,68.61,103,220,2026-05-23T18:48:35,23,2026-05-23,2026,2026-05,4
122,1429.48,354.67,113,224,2026-03-27T14:05:37,27,2026-03-27,2026,2026-03,5
123,1036.08,239.60,113,204,2025-09-06T13:55:57,6,2025-09-06,2025,2025-09,1
124,800.47,243.34,120,225,2025-03-12T15:26:53,12,2025-03-12,2025,2025-03,3
125,183.39,62.79,115,207,2026-03-05T17:53:48,5,2026-03-05,2026,2026-03,2
126,399.14,89.93,117,221,2025-03-29T09:59:27,29,2025-03-29,2025,2025-03,5
127,678.70,192.51,109,207,2026-02-14T14:02:11,14,2026-02-14,2026,2026-02,3
128,114.84,42.75,118,209,2025-01-26T16:47:18,26,2025-01-26,2025,2025-01,4
129,375.60,91.38,101,222,2025-05-26T14:20:28,26,2025-05-26,2025,2025-05,5
130,370.61,108.21,104,203,2025-04-28T08:24:40,28,2025-04-28,2025,2025-04,5
131,347.50,100.36,118,206,2025-07-08T11:23:35,8,2025-07-08,2025,2025-07,2
132,467.83,117.61,109,208,2026-01-10T13:56:03,10,2026-01-10,2026,2026-01,2
133,99.48,27.03,111,206,2026-02-06T18:41:09,6,2026-02-06,2026,2026-02,2
134,94.32,19.20,104,218,2025-11-01T19:11:10,1,2025-11-01,2025,2025-11,1
135,487.76,156.94,110,203,2025-04-30T11:19:56,30,2025-04-30,2025,2025-04,5
136,445.04,120.31,114,206,2026-07-23T11:02:15,23,2026-07-23,2026,2026-07,4
137,331.26,72.41,106,201,2026-03-02T16:04:48,2,2026-03-02,2026,2026-03,2
138,977.35,281.82,115,214,2025-10-02T17:53:13,2,2025-10-02,2025,2025-10,1
139,487.16,125.04,101,215,2025-02-03T16:11:13,3,2025-02-03,2025,2025-02,2
140,282.90,90.52,109,223,2025-06-19T19:13:00,19,2025-06-19,2025,2025-06,4
141,232.20,81.46,117,220,2025-11-28T13:19:38,28,2025-11-28,2025,2025-11,5
142,361.26,94.56,106,216,2025-05-16T12:32:42,16,2025-05-16,2025,2025-05,3
143,639.47,170.95,117,210,2026-03-01T14:49:47,1,2026-03-01,2026,2026-03,1
144,730.52,180.71,104,202,2026-01-02T09:09:10,2,2026-01-02,2026,2026-01,1
145,80.60,14.52,110,208,2026-04-16T08:17:47,16,2026-04-16,2026,2026-04,3
146,462.32,121.54,117,210,2025-07-27T10:24:05,27,2025-07-27,2025,2025-07,4
147,75.66,16.86,120,223,2025-08-28T15:48:50,28,2025-08-28,2025,2025-08,5
148,508.11,133.71,107,210,2025-05-16T18:48:27,16,2025-05-16,2025,2025-05,3
149,71.30,23.26,105,223,2025-05-16T16:41:46,16,2025-05-16,2025,2025-05,3
150,410.87,127.19,112,228,2025-04-16T13:42:15,16,2025-04-16,2025,2025-04,3
151,631.50,195.84,106,215,2026-03-27T14:23:35,27,2026-03-27,2026,2026-03,5
152,608.40,165.39,118,203,2025-05-24T10:14:31,24,2025-05-24,2025,2025-05,4
153,361.52,100.20,117,222,2025-07-30T17:25:31,30,2025-07-30,2025,2025-07,5
154,239.13,49.35,101,208,2025-03-14T17:37:01,14,2025-03-14,2025,2025-03,3
155,377.44,120.82,120,230,2026-03-07T14:39:07,7,2026-03-07,2026,2026-03,2
156,681.19,209.79,111,209,2025-03-03T15:14:41,3,2025-03-03,2025,2025-03,2
157,512.58,115.24,116,226,2026-06-08T11:41:56,8,2026-06-08,2026,2026-06,2
158,23.80,6.36,101,226,2026-03-24T12:20:39,24,2026-03-24,2026,2026-03,5
159,95.43,23.55,104,221,2025-02-26T13:37:49,26,2025-02-26,2025,2025-02,5
160,337.40,91.23,112,219,2025-09-23T11:02:22,23,2025-09-23,2025,2025-09,4
161,558.59,132.20,110,222,2025-03-20T17:01:55,20,2025-03-20,2025,2025-03,4
162,625.11,170.96,108,226,2025-09-08T08:50:13,8,2025-09-08,2025,2025-09,2
163,45.70,12.94,102,230,2025-05-03T17:08:21,3,2025-05-03,2025,2025-05,1
164,884.98,263.97,108,207,2026-02-15T09:15:17,15,2026-02-15,2026,2026-02,3
165,174.57,59.78,119,214,2025-07-20T17:56:59,20,2025-07-20,2025,2025-07,3
166,810.80,204.18,103,204,2025-12-10T08:01:35,10,2025-12-10,2025,2025-12,2
167,78.40,26.95,103,218,2025-03-28T18:34:21,28,2025-03-28,2025,2025-03,5
168,485.96,125.14,116,208,2025-03-05T15:55:07,5,2025-03-05,2025,2025-03,2
169,31.78,10.62,103,221,2025-10-06T12:15:09,6,2025-10-06,2025,2025-10,2
170,415.63,98.80,118,205,2025-06-09T09:55:24,9,2025-06-09,2025,2025-06,3
171,17.61,5.59,105,230,2026-04-20T12:49:27,20,2026-04-20,2026,2026-04,4
172,223.90,67.70,105,209,2025-02-11T11:54:51,11,2025-02-11,2025,2025-02,3
173,47.92,16.36,116,227,2026-07-24T18:00:52,24,2026-07-24,2026,2026-07,4
174,802.88,234.30,118,205,2025-05-14T11:36:24,14,2025-05-14,2025,2025-05,3
175,385.88,101.01,106,203,2025-05-06T08:46:38,6,2025-05-06,2025,2025-05,2
176,633.84,179.38,109,202,2025-09-09T19:47:00,9,2025-09-09,2025,2025-09,2
177,571.24,164.01,117,206,2026-07-11T08:21:19,11,2026-07-11,2026,2026-07,2
178,606.07,210.55,120,226,2026-04-29T17:38:16,29,2026-04-29,2026,2026-04,5
179,250.04,71.96,114,210,2026-02-02T14:27:32,2,2026-02-02,2026,2026-02,2
180,552.95,181.75,107,220,2025-12-27T18:20:01,27,2025-12-27,2025,2025-12,4
181,186.16,42.99,118,224,2025-02-27T12:14:05,27,2025-02-27,2025,2025-02,5
182,103.86,37.74,107,227,2025-11-28T09:05:03,28,2025-11-28,2025,2025-11,5
183,227.47,62.55,110,219,2025-04-24T17:34:51,24,2025-04-24,2025,2025-04,4
184,309.92,93.99,113,230,2026-05-14T19:49:04,14,2026-05-14,2026,2026-05,3
185,268.56,66.02,112,210,2025-07-01T08:01:57,1,2025-07-01,2025,2025-07,1
186,65.31,20.82,115,215,2025-12-10T16:07:50,10,2025-12-10,2025,2025-12,2
187,35.87,11.71,117,204,2025-09-20T09:58:00,20,2025-09-20,2025,2025-09,3
188,505.54,146.39,115,215,2026-02-28T16:58:34,28,2026-02-28,2026,2026-02,5
189,710.46,181.59,104,223,2025-12-17T11:05:48,17,2025-12-17,2025,2025-12,3
190,374.22,109.88,108,210,2025-12-06T11:44:30,6,2025-12-06,2025,2025-12,1
191,616.24,150.11,108,223,2025-04-09T08:54:12,9,2025-04-09,2025,2025-04,2
192,365.27,112.99,103,213,2026-04-30T10:06:09,30,2026-04-30,2026,2026-04,5
193,684.94,174.37,111,209,2026-03-27T16:27:58,27,2026-03-27,2026,2026-03,5
194,1264.18,389.92,101,217,2026-07-21T09:06:36,21,2026-07-21,2026,2026-07,4
195,404.77,118.08,119,218,2025-05-31T10:11:22,31,2025-05-31,2025,2025-05,5
196,537.42,165.25,118,216,2025-03-31T15:03:54,31,2025-03-31,2025,2025-03,5
197,223.20,79.47,108,215,2025-04-19T18:14:36,19,2025-04-19,2025,2025-04,3
198,511.10,129.27,119,203,2025-09-28T14:58:23,28,2025-09-28,2025,2025-09,4
199,415.62,125.40,108,220,2026-01-17T08:22:05,17,2026-01-17,2026,2026-01,3
200,80.68,29.26,101,202,2025-10-03T15:35:13,3,2025-10-03,2025,2025-10,1
201,356.06,74.37,103,229,2026-05-12T17:24:09,12,2026-05-12,2026,2026-05,3
202,36.16,9.12,102,214,2025-03-01T12:32:30,1,2025-03-01,2025,2025-03,1
203,469.46,152.70,108,224,2025-10-08T14:42:20,8,2025-10-08,2025,2025-10,2
204,35.88,12.60,103,211,2025-04-03T13:11:22,3,2025-04-03,2025,2025-04,1
205,203.41,67.78,102,220,2025-08-08T12:01:46,8,2025-08-08,2025,2025-08,2
206,274.17,97.86,111,209,2025-01-10T16:37:50,10,2025-01-10,2025,2025-01,2
207,694.60,201.13,103,201,2025-10-09T15:42:54,9,2025-10-09,2025,2025-10,2
208,252.21,77.70,117,203,2025-04-21T16:46:11,21,2025-04-21,2025,2025-04,4
209,262.87,68.69,108,208,2025-09-25T19:56:39,25,2025-09-25,2025,2025-09,4
210,737.78,221.66,109,222,2025-09-23T15:37:11,23,2025-09-23,2025,2025-09,4
211,544.86,124.11,116,227,2026-07-26T11:17:50,26,2026-07-26,2026,2026-07,4
212,168.18,49.06,107,228,2025-11-11T15:39:16,11,2025-11-11,2025,2025-11,3
213,162.72,57.12,118,219,2025-05-03T14:56:53,3,2025-05-03,2025,2025-05,1
214,646.94,152.99,105,219,2025-03-24T16:52:34,24,2025-03-24,2025,2025-03,5
215,601.86,187.96,119,201,2025-04-01T10:21:20,1,2025-04-01,2025,2025-04,1
216,225.42,66.12,119,225,2025-09-12T12:07:08,12,2025-09-12,2025,2025-09,2
217,290.45,83.79,116,222,2025-12-12T15:53:40,12,2025-12-12,2025,2025-12,2
218,729.59,158.12,108,227,2025-01-20T12:09:29,20,2025-01-20,2025,2025-01,4
219,441.71,133.37,116,209,2025-02-08T14:49:48,8,2025-02-08,2025,2025-02,2
220,551.39,139.58,114,219,2026-07-15T12:36:03,15,2026-07-15,2026,2026-07,3
221,44.82,13.53,107,202,2025-05-01T13:08:47,1,2025-05-01,2025,2025-05,1
222,407.36,93.45,104,225,2025-09-27T17:31:24,27,2025-09-27,2025,2025-09,4
223,58.73,21.22,104,225,2025-12-05T12:16:08,5,2025-12-05,2025,2025-12,1
224,55.00,17.85,114,206,2026-05-21T10:42:54,21,2026-05-21,2026,2026-05,4
225,316.84,67.55,112,216,2025-08-25T16:18:53,25,2025-08-25,2025,2025-08,5
226,472.98,126.90,114,217,2025-02-16T08:10:33,16,2025-02-16,2025,2025-02,3
227,148.08,40.16,114,221,2025-12-17T11:19:44,17,2025-12-17,2025,2025-12,3
228,53.88,16.48,115,215,2026-05-05T15:40:39,5,2026-05-05,2026,2026-05,2
229,345.12,108.69,102,230,2026-03-25T11:17:59,25,2026-03-25,2026,2026-03,5
230,231.76,53.24,104,209,2025-08-18T14:09:30,18,2025-08-18,2025,2025-08,4
231,56.47,11.94,102,206,2026-01-30T10:42:22,30,2026-01-30,2026,2026-01,5
232,122.60,30.20,113,219,2026-05-23T11:00:39,23,2026-05-23,2026,2026-05,4
233,324.08,87.80,111,214,2025-02-21T17:13:42,21,2025-02-21,2025,2025-02,4
234,361.76,120.82,104,221,2025-04-01T17:04:26,1,2025-04-01,2025,2025-04,1
235,490.56,128.57,108,227,2025-07-31T19:54:59,31,2025-07-31,2025,2025-07,5
236,549.02,157.74,107,216,2025-12-16T14:27:54,16,2025-12-16,2025,2025-12,3
237,667.30,228.86,107,203,2025-07-12T10:11:53,12,2025-07-12,2025,2025-07,2
238,399.10,138.80,118,216,2026-05-26T08:04:44,26,2026-05-26,2026,2026-05,5
239,688.77,149.89,115,212,2026-06-05T11:13:33,5,2026-06-05,2026,2026-06,1
240,388.01,85.09,105,214,2026-03-05T19:05:11,5,2026-03-05,2026,2026-03,2
241,663.36,174.35,114,211,2026-06-09T13:26:29,9,2026-06-09,2026,2026-06,2
242,727.61,236.24,106,211,2025-07-02T17:10:23,2,2025-07-02,2025,2025-07,1
243,35.47,6.76,109,222,2026-03-09T08:13:56,9,2026-03-09,2026,2026-03,3
244,585.51,127.23,115,204,2025-07-24T12:51:36,24,2025-07-24,2025,2025-07,4
245,870.73,297.35,108,228,2025-02-03T14:31:46,3,2025-02-03,2025,2025-02,2
246,64.49,14.23,103,206,2026-03-03T13:41:30,3,2026-03-03,2026,2026-03,2
247,802.25,215.45,115,211,2026-03-30T12:06:21,30,2026-03-30,2026,2026-03,5
248,548.09,140.44,118,214,2026-06-11T10:10:21,11,2026-06-11,2026,2026-06,2
249,354.82,98.47,104,223,2025-11-05T16:55:48,5,2025-11-05,2025,2025-11,2
250,372.98,123.45,102,216,2025-08-15T11:53:02,15,2025-08-15,2025,2025-08,3
251,161.72,47.71,118,210,2025-09-04T19:41:31,4,2025-09-04,2025,2025-09,1
252,742.83,210.09,101,222,2026-06-14T14:49:33,14,2026-06-14,2026,2026-06,2
253,583.38,210.28,103,213,2026-03-11T09:53:30,11,2026-03-11,2026,2026-03,3
254,706.24,172.64,108,227,2025-06-07T08:25:56,7,2025-06-07,2025,2025-06,2
255,375.72,72.36,106,225,2025-05-02T17:44:10,2,2025-05-02,2025,2025-05,1
256,273.49,88.32,114,218,2025-02-16T09:19:17,16,2025-02-16,2025,2025-02,3
257,374.91,95.18,116,202,2025-06-10T17:42:41,10,2025-06-10,2025,2025-06,3
258,252.34,50.51,116,215,2026-01-18T08:12:10,18,2026-01-18,2026,2026-01,3
259,874.28,211.69,107,203,2025-12-19T11:51:16,19,2025-12-19,2025,2025-12,3
260,126.10,34.98,113,211,2025-03-10T12:33:49,10,2025-03-10,2025,2025-03,3
261,159.42,37.73,102,209,2026-01-01T10:20:02,1,2026-01-01,2026,2026-01,1
262,262.53,88.48,106,211,2025-11-10T18:38:04,10,2025-11-10,2025,2025-11,3
263,349.81,104.88,113,204,2026-03-23T13:02:12,23,2026-03-23,2026,2026-03,5
264,267.41,85.04,101,225,2025-10-15T10:32:55,15,2025-10-15,2025,2025-10,3
265,879.54,222.00,113,213,2025-02-01T18:35:34,1,2025-02-01,2025,2025-02,1
266,136.44,24.84,109,228,2026-05-29T17:17:30,29,2026-05-29,2026,2026-05,5
267,519.64,114.70,115,217,2025-06-19T17:21:34,19,2025-06-19,2025,2025-06,4
268,131.84,29.84,110,227,2026-05-11T14:31:54,11,2026-05-11,2026,2026-05,3
269,129.24,46.74,114,201,2026-01-14T12:15:36,14,2026-01-14,2026,2026-01,3
270,888.65,257.52,118,222,2026-02-02T16:33:00,2,2026-02-02,2026,2026-02,2
271,570.03,136.84,116,228,2025-03-21T17:24:20,21,2025-03-21,2025,2025-03,4
272,282.40,62.80,105,218,2025-06-19T12:11:12,19,2025-06-19,2025,2025-06,4
273,140.58,48.12,107,215,2025-06-11T14:35:38,11,2025-06-11,2025,2025-06,3
274,162.43,36.89,110,214,2025-04-27T16:45:56,27,2025-04-27,2025,2025-04,4
275,379.44,130.62,107,202,2026-06-14T15:22:51,14,2026-06-14,2026,2026-06,2
276,695.05,192.85,102,207,2025-08-10T16:10:38,10,2025-08-10,2025,2025-08,2
277,455.48,143.03,119,217,2025-03-12T12:11:01,12,2025-03-12,2025,2025-03,3
278,627.19,186.18,118,212,2025-05-01T09:41:47,1,2025-05-01,2025,2025-05,1
279,288.09,75.12,102,220,2025-04-11T15:44:44,11,2025-04-11,2025,2025-04,2
280,234.00,66.45,111,225,2025-07-13T08:05:58,13,2025-07-13,2025,2025-07,2
281,356.26,119.96,102,216,2025-07-30T13:45:02,30,2025-07-30,2025,2025-07,5
282,564.21,145.25,102,221,2025-07-03T14:44:22,3,2025-07-03,2025,2025-07,1
283,72.26,22.20,119,215,2026-07-18T19:10:40,18,2026-07-18,2026,2026-07,3
284,418.34,108.52,116,225,2025-05-29T16:35:11,29,2025-05-29,2025,2025-05,5
285,146.10,53.50,117,202,2026-05-22T15:59:28,22,2026-05-22,2026,2026-05,4
286,229.20,73.25,117,207,2025-10-20T11:32:42,20,2025-10-20,2025,2025-10,4
287,524.47,152.54,106,209,2025-06-23T08:39:23,23,2025-06-23,2025,2025-06,5
288,757.22,234.97,102,218,2025-03-12T09:38:29,12,2025-03-12,2025,2025-03,3
289,989.25,295.30,117,205,2025-09-25T11:11:11,25,2025-09-25,2025,2025-09,4
290,752.42,204.80,103,230,2025-09-07T14:11:00,7,2025-09-07,2025,2025-09,1
291,153.74,42.71,106,210,2025-09-27T12:31:09,27,2025-09-27,2025,2025-09,4
292,170.10,55.02,103,215,2025-07-14T17:05:02,14,2025-07-14,2025,2025-07,3
293,78.62,24.78,120,229,2025-12-31T10:50:23,31,2025-12-31,2025,2025-12,5
294,408.20,142.70,103,223,2026-05-20T19:10:27,20,2026-05-20,2026,2026-05,4
295,236.07,75.05,108,216,2025-11-19T16:57:46,19,2025-11-19,2025,2025-11,4
296,362.13,116.87,113,204,2025-02-03T17:08:50,3,2025-02-03,2025,2025-02,2
297,481.98,115.80,104,201,2025-04-14T13:55:27,14,2025-04-14,2025,2025-04,3
298,499.78,144.14,119,221,2026-01-17T14:38:45,17,2026-01-17,2026,2026-01,3
299,428.56,118.06,108,220,2025-01-10T11:12:54,10,2025-01-10,2025,2025-01,2
300,258.28,59.92,119,226,2025-09-18T16:40:30,18,2025-09-18,2025,2025-09,3
301,219.17,66.80,120,208,2026-07-28T18:08:55,28,2026-07-28,2026,2026-07,5
302,1042.17,286.79,102,223,2025-11-29T17:17:32,29,2025-11-29,2025,2025-11,5
303,414.94,115.46,120,206,2025-03-23T10:56:56,23,2025-03-23,2025,2025-03,4
304,381.36,75.22,103,210,2026-02-28T11:02:45,28,2026-02-28,2026,2026-02,5
305,79.94,21.95,114,218,2026-02-11T09:52:30,11,2026-02-11,2026,2026-02,3
306,26.00,5.49,119,201,2025-01-27T15:13:38,27,2025-01-27,2025,2025-01,5
307,222.30,54.58,119,218,2026-02-04T13:37:54,4,2026-02-04,2026,2026-02,2
308,965.97,298.40,117,214,2026-01-01T13:55:12,1,2026-01-01,2026,2026-01,1
309,300.47,91.25,111,203,2026-07-01T13:38:13,1,2026-07-01,2026,2026-07,1
310,337.61,92.41,109,208,2025-12-19T13:13:13,19,2025-12-19,2025,2025-12,3
311,890.38,225.72,107,227,2025-09-13T10:58:20,13,2025-09-13,2025,2025-09,2
312,402.81,93.70,111,230,2025-07-06T10:29:13,6,2025-07-06,2025,2025-07,1
313,261.21,85.93,108,204,2025-04-15T13:08:08,15,2025-04-15,2025,2025-04,3
314,314.39,80.13,109,215,2026-04-20T08:34:39,20,2026-04-20,2026,2026-04,4
315,287.73,78.53,113,204,2025-01-13T10:13:12,13,2025-01-13,2025,2025-01,3
316,490.25,111.86,105,221,2026-06-18T11:47:40,18,2026-06-18,2026,2026-06,3
317,311.23,68.22,110,227,2025-08-12T10:03:20,12,2025-08-12,2025,2025-08,3
318,599.63,180.85,115,205,2025-02-13T18:34:41,13,2025-02-13,2025,2025-02,3
319,302.76,91.33,111,216,2026-07-04T09:57:18,4,2026-07-04,2026,2026-07,1
320,415.40,109.00,103,230,2025-01-22T14:52:37,22,2025-01-22,2025,2025-01,4
321,649.65,165.45,101,223,2025-11-28T16:31:36,28,2025-11-28,2025,2025-11,5
322,115.90,25.62,115,210,2026-06-03T14:54:00,3,2026-06-03,2026,2026-06,1
323,300.88,66.27,120,217,2026-02-01T11:27:23,1,2026-02-01,2026,2026-02,1
324,615.06,198.86,119,223,2025-02-02T18:23:41,2,2025-02-02,2025,2025-02,1
325,491.16,133.85,104,209,2025-03-04T14:34:13,4,2025-03-04,2025,2025-03,2
326,466.20,97.75,103,214,2025-07-17T17:34:44,17,2025-07-17,2025,2025-07,3
327,714.83,209.84,118,227,2026-01-02T16:21:02,2,2026-01-02,2026,2026-01,1
328,395.23,118.63,107,216,2026-03-17T13:53:17,17,2026-03-17,2026,2026-03,4
329,157.98,44.79,117,216,2026-02-11T08:00:12,11,2026-02-11,2026,2026-02,3
330,382.51,93.59,109,208,2025-01-07T13:28:02,7,2025-01-07,2025,2025-01,2
331,133.80,27.80,105,215,2025-06-08T09:42:59,8,2025-06-08,2025,2025-06,2
332,192.25,57.77,112,218,2025-09-13T12:14:29,13,2025-09-13,2025,2025-09,2
333,459.89,103.02,103,205,2025-04-08T18:50:09,8,2025-04-08,2025,2025-04,2
334,403.14,103.38,108,213,2025-08-21T19:53:00,21,2025-08-21,2025,2025-08,4
335,546.39,149.41,112,207,2026-06-21T08:44:58,21,2026-06-21,2026,2026-06,3
336,427.39,120.08,110,230,2025-08-16T15:51:47,16,2025-08-16,2025,2025-08,3
337,432.15,129.19,106,220,2025-05-14T10:27:18,14,2025-05-14,2025,2025-05,3
338,480.94,149.81,115,217,2026-02-28T15:42:37,28,2026-02-28,2026,2026-02,5
339,41.94,10.68,118,224,2025-05-30T16:01:06,30,2025-05-30,2025,2025-05,5
340,161.84,59.12,110,229,2025-03-29T10:02:44,29,2025-03-29,2025,2025-03,5
341,123.00,22.71,120,205,2025-01-15T14:14:56,15,2025-01-15,2025,2025-01,3
342,551.25,120.30,117,228,2026-07-05T11:51:25,5,2026-07-05,2026,2026-07,1
343,55.89,13.23,101,203,2025-01-19T14:51:21,19,2025-01-19,2025,2025-01,3
344,758.27,182.99,118,209,2025-10-05T08:57:58,5,2025-10-05,2025,2025-10,1
345,852.80,201.37,110,225,2025-04-12T13:44:33,12,2025-04-12,2025,2025-04,2
346,629.07,174.33,104,226,2025-12-27T14:28:10,27,2025-12-27,2025,2025-12,4
347,437.49,136.71,105,228,2026-02-07T19:57:32,7,2026-02-07,2026,2026-02,2
348,524.08,162.48,109,214,2025-09-04T18:25:45,4,2025-09-04,2025,2025-09,1
349,518.84,191.87,104,211,2026-07-09T11:40:58,9,2026-07-09,2026,2026-07,2
350,238.20,77.15,104,230,2025-06-11T13:46:47,11,2025-06-11,2025,2025-06,3
351,226.23,59.46,118,226,2025-11-22T10:38:56,22,2025-11-22,2025,2025-11,4
352,452.46,104.03,105,217,2025-11-07T16:03:52,7,2025-11-07,2025,2025-11,2
353,449.83,119.18,109,209,2025-08-25T08:28:29,25,2025-08-25,2025,2025-08,5
354,671.46,168.20,110,227,2025-08-20T08:35:12,20,2025-08-20,2025,2025-08,4
355,449.32,145.23,120,201,2025-09-10T15:47:00,10,2025-09-10,2025,2025-09,2
356,917.18,238.84,107,210,2025-09-09T17:26:33,9,2025-09-09,2025,2025-09,2
357,479.85,156.14,111,224,2026-06-14T10:35:21,14,2026-06-14,2026,2026-06,2
358,92.79,28.74,107,210,2025-07-26T16:16:38,26,2025-07-26,2025,2025-07,4
359,61.50,18.87,109,227,2025-06-17T10:14:56,17,2025-06-17,2025,2025-06,4
360,346.84,84.05,117,219,2026-06-21T14:59:31,21,2026-06-21,2026,2026-06,3
361,167.00,37.48,116,219,2025-06-16T10:37:56,16,2025-06-16,2025,2025-06,4
362,384.13,107.79,109,222,2025-07-27T08:03:51,27,2025-07-27,2025,2025-07,4
363,151.14,35.62,102,216,2025-03-23T18:56:41,23,2025-03-23,2025,2025-03,4
364,33.72,10.48,103,228,2026-07-25T11:46:47,25,2026-07-25,2026,2026-07,4
365,637.65,161.00,114,205,2025-05-29T08:35:25,29,2025-05-29,2025,2025-05,5
366,323.36,102.55,109,215,2025-07-01T16:17:21,1,2025-07-01,2025,2025-07,1
367,320.83,98.16,102,218,2025-10-09T13:59:35,9,2025-10-09,2025,2025-10,2
368,500.58,168.48,101,216,2026-06-23T18:28:12,23,2026-06-23,2026,2026-06,4
369,1113.07,322.50,111,212,2025-05-02T08:26:11,2,2025-05-02,2025,2025-05,1
370,380.05,131.78,105,211,2025-11-12T13:27:59,12,2025-11-12,2025,2025-11,3
371,95.16,20.10,109,218,2026-05-06T16:38:16,6,2026-05-06,2026,2026-05,2
372,530.88,124.23,106,225,2026-07-04T14:06:01,4,2026-07-04,2026,2026-07,1
373,451.56,102.91,115,218,2025-12-14T14:49:51,14,2025-12-14,2025,2025-12,2
374,300.64,76.44,118,213,2025-10-06T15:32:03,6,2025-10-06,2025,2025-10,2
375,493.70,116.66,114,215,2025-08-10T17:33:32,10,2025-08-10,2025,2025-08,2
376,699.94,180.29,118,230,2026-05-11T17:31:56,11,2026-05-11,2026,2026-05,3
377,437.10,154.92,101,211,2025-01-05T13:39:40,5,2025-01-05,2025,2025-01,1
378,331.45,109.10,104,228,2026-04-24T08:50:23,24,2026-04-24,2026,2026-04,4
379,263.58,77.97,103,207,2025-11-16T19:37:47,16,2025-11-16,2025,2025-11,3
380,76.71,22.99,105,223,2025-06-02T10:52:01,2,2025-06-02,2025,2025-06,2
381,162.18,40.17,118,208,2025-09-08T11:07:04,8,2025-09-08,2025,2025-09,2
382,309.04,58.76,102,219,2025-02-21T10:22:04,21,2025-02-21,2025,2025-02,4
383,1017.06,273.92,112,213,2025-02-25T09:34:03,25,2025-02-25,2025,2025-02,5
384,111.48,38.63,119,208,2026-04-22T18:20:10,22,2026-04-22,2026,2026-04,4
385,142.11,46.78,118,228,2026-04-22T16:33:57,22,2026-04-22,2026,2026-04,4
386,638.96,172.48,105,225,2025-12-05T13:54:43,5,2025-12-05,2025,2025-12,1
387,142.86,37.17,114,214,2026-07-24T19:49:22,24,2026-07-24,2026,2026-07,4
388,153.58,45.23,105,202,2025-09-02T19:18:09,2,2025-09-02,2025,2025-09,1
389,419.17,99.91,102,211,2026-03-22T18:19:32,22,2026-03-22,2026,2026-03,4
390,665.19,188.04,110,224,2025-04-10T16:06:17,10,2025-04-10,2025,2025-04,2
391,22.41,4.66,112,216,2025-12-02T16:59:54,2,2025-12-02,2025,2025-12,1
392,272.60,75.12,102,223,2025-01-01T10:40:15,1,2025-01-01,2025,2025-01,1
393,424.33,129.47,112,230,2025-11-03T18:22:53,3,2025-11-03,2025,2025-11,2
394,532.34,144.24,107,226,2025-02-24T08:00:55,24,2025-02-24,2025,2025-02,5
395,266.38,77.52,108,213,2025-08-05T11:09:24,5,2025-08-05,2025,2025-08,2
396,813.98,267.76,104,213,2025-05-20T09:32:28,20,2025-05-20,2025,2025-05,4
397,627.56,182.47,112,222,2026-06-06T15:43:15,6,2026-06-06,2026,2026-06,1
398,217.60,69.20,118,226,2026-05-10T14:42:35,10,2026-05-10,2026,2026-05,2
399,363.75,123.91,114,227,2026-06-24T13:05:12,24,2026-06-24,2026,2026-06,4
400,751.50,241.01,120,221,2025-01-12T16:32:07,12,2025-01-12,2025,2025-01,2
401,560.05,138.77,105,205,2025-03-04T19:27:21,4,2025-03-04,2025,2025-03,2
402,372.40,116.53,108,216,2025-01-15T10:01:50,15,2025-01-15,2025,2025-01,3
403,251.19,93.81,106,202,2025-07-05T17:36:02,5,2025-07-05,2025,2025-07,1
404,214.69,63.51,106,205,2025-06-07T17:01:42,7,2025-06-07,2025,2025-06,2
405,333.60,86.92,114,217,2026-05-03T17:41:39,3,2026-05-03,2026,2026-05,1
406,940.03,235.02,101,219,2026-04-05T14:57:15,5,2026-04-05,2026,2026-04,1
407,1000.14,255.09,106,211,2025-04-11T12:38:54,11,2025-04-11,2025,2025-04,2
408,244.08,54.66,111,228,2026-02-26T09:46:42,26,2026-02-26,2026,2026-02,5
409,54.55,10.44,114,204,2025-09-15T11:30:53,15,2025-09-15,2025,2025-09,3
410,489.72,96.60,108,228,2025-08-11T18:54:41,11,2025-08-11,2025,2025-08,3
411,539.99,161.53,109,228,2025-05-14T14:50:38,14,2025-05-14,2025,2025-05,3
412,336.97,97.71,106,215,2026-03-14T13:53:14,14,2026-03-14,2026,2026-03,3
413,488.94,156.04,104,204,2026-02-07T11:14:54,7,2026-02-07,2026,2026-02,2
414,58.17,13.57,113,217,2025-06-02T19:53:06,2,2025-06-02,2025,2025-06,2
415,308.05,102.95,102,230,2025-12-04T15:07:26,4,2025-12-04,2025,2025-12,1
416,115.35,29.65,116,215,2026-03-23T15:21:10,23,2026-03-23,2026,2026-03,5
417,324.44,91.54,108,201,2026-05-09T10:12:23,9,2026-05-09,2026,2026-05,2
418,231.44,55.48,107,224,2025-07-27T11:12:54,27,2025-07-27,2025,2025-07,4
419,199.96,52.57,115,205,2025-04-20T19:28:48,20,2025-04-20,2025,2025-04,3
420,455.06,142.42,112,214,2025-11-12T17:05:47,12,2025-11-12,2025,2025-11,3
421,390.41,136.70,110,228,2025-02-07T10:34:39,7,2025-02-07,2025,2025-02,2
422,938.92,226.68,108,221,2025-04-19T10:04:42,19,2025-04-19,2025,2025-04,3
423,103.94,25.80,108,205,2025-02-16T18:47:48,16,2025-02-16,2025,2025-02,3
424,26.00,9.08,101,203,2026-03-26T12:26:07,26,2026-03-26,2026,2026-03,5
425,45.84,8.32,107,216,2026-01-21T10:52:18,21,2026-01-21,2026,2026-01,4
426,813.54,198.60,113,226,2025-10-18T15:34:37,18,2025-10-18,2025,2025-10,3
427,119.25,24.25,111,209,2025-12-23T15:37:25,23,2025-12-23,2025,2025-12,4
428,477.54,131.70,109,211,2025-04-08T19:16:01,8,2025-04-08,2025,2025-04,2
429,538.17,105.27,103,220,2026-05-25T11:12:35,25,2026-05-25,2026,2026-05,5
430,55.20,15.84,109,223,2026-04-10T08:47:18,10,2026-04-10,2026,2026-04,2
431,76.61,24.84,112,213,2025-01-30T16:49:48,30,2025-01-30,2025,2025-01,5
432,385.99,93.21,117,221,2025-11-30T15:37:43,30,2025-11-30,2025,2025-11,5
433,271.26,87.34,113,203,2026-02-27T11:38:24,27,2026-02-27,2026,2026-02,5
434,302.94,71.52,118,228,2025-12-10T10:18:56,10,2025-12-10,2025,2025-12,2
435,359.80,99.75,111,211,2026-04-22T16:20:53,22,2026-04-22,2026,2026-04,4
436,281.96,95.39,101,228,2026-04-30T16:25:27,30,2026-04-30,2026,2026-04,5
437,811.23,184.28,104,222,2025-02-15T08:43:45,15,2025-02-15,2025,2025-02,3
438,600.10,195.44,109,228,2025-05-16T14:31:28,16,2025-05-16,2025,2025-05,3
439,229.38,75.99,106,218,2025-05-22T15:22:45,22,2025-05-22,2025,2025-05,4
440,570.66,153.40,119,213,2026-06-28T08:35:43,28,2026-06-28,2026,2026-06,4
441,35.64,9.73,109,211,2026-06-12T14:37:34,12,2026-06-12,2026,2026-06,2
442,330.34,65.60,102,221,2026-01-10T14:40:14,10,2026-01-10,2026,2026-01,2
443,869.85,257.51,104,223,2025-04-27T19:48:55,27,2025-04-27,2025,2025-04,4
444,247.16,78.00,120,229,2026-05-13T17:07:43,13,2026-05-13,2026,2026-05,3
445,943.84,279.86,114,225,2025-10-27T16:13:40,27,2025-10-27,2025,2025-10,5
446,756.48,151.69,112,216,2025-04-22T10:59:58,22,2025-04-22,2025,2025-04,4
447,60.36,11.13,111,228,2026-03-07T16:04:48,7,2026-03-07,2026,2026-03,2
448,581.64,179.76,114,218,2026-06-17T19:44:09,17,2026-06-17,2026,2026-06,3
449,205.50,51.08,120,202,2025-06-25T12:43:59,25,2025-06-25,2025,2025-06,5
450,661.58,169.86,117,220,2025-06-14T17:44:42,14,2025-06-14,2025,2025-06,3
451,150.52,32.32,104,203,2025-09-24T14:43:46,24,2025-09-24,2025,2025-09,4
452,37.36,10.46,113,208,2026-07-01T13:29:23,1,2026-07-01,2026,2026-07,1
453,252.95,64.63,119,221,2026-04-15T13:49:45,15,2026-04-15,2026,2026-04,3
454,547.58,141.10,107,222,2025-05-31T18:17:23,31,2025-05-31,2025,2025-05,5
455,448.16,93.56,109,230,2026-06-24T12:02:38,24,2026-06-24,2026,2026-06,4
456,456.28,145.20,102,210,2026-06-08T09:01:13,8,2026-06-08,2026,2026-06,2
457,1051.72,228.27,114,208,2025-08-09T16:05:12,9,2025-08-09,2025,2025-08,2
458,224.40,52.64,101,224,2026-01-20T09:36:36,20,2026-01-20,2026,2026-01,4
459,73.28,21.76,117,203,2026-07-24T16:24:45,24,2026-07-24,2026,2026-07,4
460,404.75,136.07,118,214,2025-11-08T16:59:41,8,2025-11-08,2025,2025-11,2
461,851.89,245.31,107,204,2025-01-30T10:10:22,30,2025-01-30,2025,2025-01,5
462,54.09,10.38,112,225,2026-01-18T17:19:48,18,2026-01-18,2026,2026-01,3
463,91.27,26.39,114,221,2026-04-18T10:27:59,18,2026-04-18,2026,2026-04,3
464,234.21,63.07,103,223,2025-04-07T18:54:00,7,2025-04-07,2025,2025-04,2
465,186.33,65.00,111,228,2025-04-09T17:43:43,9,2025-04-09,2025,2025-04,2
466,167.36,32.68,120,204,2026-07-27T19:10:01,27,2026-07-27,2026,2026-07,5
467,591.31,183.15,111,215,2025-01-18T16:43:45,18,2025-01-18,2025,2025-01,3
468,177.76,41.40,104,206,2025-08-16T10:20:35,16,2025-08-16,2025,2025-08,3
469,373.74,106.39,110,223,2025-03-21T08:20:32,21,2025-03-21,2025,2025-03,4
470,500.65,130.16,117,210,2025-07-24T11:21:49,24,2025-07-24,2025,2025-07,4
471,111.80,24.40,110,229,2025-04-12T18:31:28,12,2025-04-12,2025,2025-04,2
472,77.34,17.22,114,201,2025-06-25T17:46:41,25,2025-06-25,2025,2025-06,5
473,391.24,91.48,111,202,2026-05-02T14:40:16,2,2026-05-02,2026,2026-05,1
474,55.32,11.48,113,211,2025-04-26T13:43:16,26,2025-04-26,2025,2025-04,4
475,31.25,6.35,110,226,2026-01-05T13:14:52,5,2026-01-05,2026,2026-01,2
476,688.12,199.73,118,202,2026-04-13T18:55:47,13,2026-04-13,2026,2026-04,3
477,265.98,53.46,105,210,2026-01-12T11:15:50,12,2026-01-12,2026,2026-01,3
478,16.47,4.28,107,212,2026-06-20T19:59:18,20,2026-06-20,2026,2026-06,3
479,249.06,61.71,114,212,2025-04-15T11:04:17,15,2025-04-15,2025,2025-04,3
480,514.53,146.35,113,214,2026-02-18T10:14:05,18,2026-02-18,2026,2026-02,4
481,495.87,140.73,106,205,2026-02-14T14:28:57,14,2026-02-14,2026,2026-02,3
482,487.78,143.50,120,208,2026-05-26T08:29:13,26,2026-05-26,2026,2026-05,5
483,269.92,84.91,119,217,2026-06-17T16:57:36,17,2026-06-17,2026,2026-06,3
484,19.15,5.97,110,214,2026-03-30T16:22:04,30,2026-03-30,2026,2026-03,5
485,493.51,137.07,113,219,2025-11-07T10:59:17,7,2025-11-07,2025,2025-11,2
486,271.57,65.81,118,222,2026-01-22T19:13:51,22,2026-01-22,2026,2026-01,4
487,491.33,124.45,101,226,2026-01-25T09:46:19,25,2026-01-25,2026,2026-01,4
488,740.90,174.02,110,206,2025-02-08T16:23:26,8,2025-02-08,2025,2025-02,2
489,308.55,84.46,110,206,2026-05-24T17:09:09,24,2026-05-24,2026,2026-05,4
490,435.18,86.58,107,206,2026-02-16T12:06:43,16,2026-02-16,2026,2026-02,4
491,604.73,174.38,114,203,2025-10-07T09:13:28,7,2025-10-07,2025,2025-10,2
492,330.42,102.67,119,220,2025-07-04T08:20:19,4,2025-07-04,2025,2025-07,1
493,105.25,28.70,120,228,2026-03-21T18:18:21,21,2026-03-21,2026,2026-03,4
494,453.06,130.00,111,213,2025-06-04T13:27:58,4,2025-06-04,2025,2025-06,2
495,537.91,127.68,115,220,2025-09-09T13:39:11,9,2025-09-09,2025,2025-09,2
496,30.11,7.21,115,222,2026-05-13T08:21:44,13,2026-05-13,2026,2026-05,3
497,321.80,104.52,115,208,2026-02-21T14:36:58,21,2026-02-21,2026,2026-02,4
498,290.70,86.05,107,216,2025-08-30T10:02:15,30,2025-08-30,2025,2025-08,5
499,401.11,120.27,117,230,2026-06-22T12:35:02,22,2026-06-22,2026,2026-06,4
500,190.72,61.00,116,219,2026-02-23T12:37:46,23,2026-02-23,2026,2026-02,5
501,772.05,270.16,106,205,2025-11-21T17:56:05,21,2025-11-21,2025,2025-11,4
502,275.33,85.80,103,208,2025-09-03T12:36:19,3,2025-09-03,2025,2025-09,1
503,447.04,121.04,110,215,2025-11-01T11:49:47,1,2025-11-01,2025,2025-11,1
504,645.39,196.58,117,221,2026-05-19T16:34:33,19,2026-05-19,2026,2026-05,4
505,423.78,123.31,120,209,2025-07-08T19:28:17,8,2025-07-08,2025,2025-07,2
506,119.31,33.39,111,215,2026-04-08T16:42:30,8,2026-04-08,2026,2026-04,2
507,356.50,129.08,103,209,2026-02-07T14:52:08,7,2026-02-07,2026,2026-02,2
508,61.32,16.00,108,222,2025-07-23T12:45:56,23,2025-07-23,2025,2025-07,4
509,712.40,216.48,110,201,2025-05-01T08:15:25,1,2025-05-01,2025,2025-05,1
510,382.42,90.18,108,229,2025-07-13T15:36:55,13,2025-07-13,2025,2025-07,2
511,62.64,15.32,107,226,2026-04-15T09:33:38,15,2026-04-15,2026,2026-04,3
512,902.21,302.72,105,215,2026-02-12T11:51:47,12,2026-02-12,2026,2026-02,3
513,537.54,150.29,101,229,2025-09-17T17:11:05,17,2025-09-17,2025,2025-09,3
514,25.59,5.25,102,210,2025-05-26T12:44:25,26,2025-05-26,2025,2025-05,5
515,819.71,276.54,108,222,2026-01-05T15:49:46,5,2026-01-05,2026,2026-01,2
516,160.17,48.66,116,218,2026-07-24T19:58:04,24,2026-07-24,2026,2026-07,4
517,551.22,176.00,120,206,2026-05-12T16:19:59,12,2026-05-12,2026,2026-05,3
518,389.76,90.56,103,203,2026-06-23T18:23:27,23,2026-06-23,2026,2026-06,4
519,671.61,163.34,115,215,2025-05-05T15:10:32,5,2025-05-05,2025,2025-05,2
520,328.74,88.98,114,212,2025-01-06T13:59:49,6,2025-01-06,2025,2025-01,2
521,165.84,56.34,119,219,2025-05-13T11:50:52,13,2025-05-13,2025,2025-05,3
522,458.89,113.70,107,210,2025-03-14T17:57:38,14,2025-03-14,2025,2025-03,3
523,263.06,92.05,113,221,2025-11-14T18:59:11,14,2025-11-14,2025,2025-11,3
524,666.08,163.44,116,214,2025-10-02T18:15:00,2,2025-10-02,2025,2025-10,1
525,127.38,24.96,113,223,2026-06-24T19:27:38,24,2026-06-24,2026,2026-06,4
526,577.94,183.12,108,209,2025-11-04T10:42:19,4,2025-11-04,2025,2025-11,2
527,194.95,38.75,105,215,2025-02-16T17:20:47,16,2025-02-16,2025,2025-02,3
528,439.76,100.34,101,228,2025-09-17T14:28:15,17,2025-09-17,2025,2025-09,3
529,519.44,138.79,104,210,2025-11-01T13:42:54,1,2025-11-01,2025,2025-11,1
530,1046.43,329.37,114,207,2026-05-04T16:22:37,4,2026-05-04,2026,2026-05,2
531,101.46,31.07,108,213,2025-04-25T08:17:21,25,2025-04-25,2025,2025-04,4
532,392.66,128.56,106,228,2025-07-15T09:34:02,15,2025-07-15,2025,2025-07,3
533,661.57,192.30,117,216,2025-09-06T11:39:54,6,2025-09-06,2025,2025-09,1
534,147.88,41.80,115,204,2026-07-22T13:17:36,22,2026-07-22,2026,2026-07,4
535,32.60,9.65,102,208,2026-05-15T12:13:18,15,2026-05-15,2026,2026-05,3
536,460.57,129.22,118,213,2025-03-07T12:52:33,7,2025-03-07,2025,2025-03,2
537,751.84,243.68,108,219,2025-12-14T18:57:39,14,2025-12-14,2025,2025-12,2
538,152.18,35.76,104,212,2026-05-10T10:21:00,10,2026-05-10,2026,2026-05,2
539,362.70,89.20,115,219,2025-01-19T14:31:53,19,2025-01-19,2025,2025-01,3
540,570.19,174.57,105,210,2025-09-22T14:11:43,22,2025-09-22,2025,2025-09,4
541,41.80,8.40,115,223,2025-04-24T09:55:39,24,2025-04-24,2025,2025-04,4
542,555.49,190.47,117,210,2025-05-01T11:44:20,1,2025-05-01,2025,2025-05,1
543,587.43,145.53,118,201,2025-07-26T15:59:37,26,2025-07-26,2025,2025-07,4
544,611.87,176.74,120,227,2025-08-22T10:30:43,22,2025-08-22,2025,2025-08,4
545,262.96,82.04,111,222,2025-06-18T15:54:07,18,2025-06-18,2025,2025-06,4
546,500.40,170.04,115,213,2025-06-04T18:27:34,4,2025-06-04,2025,2025-06,2
547,1042.15,312.05,120,209,2025-10-30T15:37:59,30,2025-10-30,2025,2025-10,5
548,927.01,234.58,117,201,2026-03-29T14:17:06,29,2026-03-29,2026,2026-03,5
549,262.00,59.80,114,219,2025-06-13T08:25:34,13,2025-06-13,2025,2025-06,3
550,58.80,15.00,118,228,2025-11-08T15:41:45,8,2025-11-08,2025,2025-11,2
551,65.52,24.13,115,222,2026-06-04T14:27:10,4,2026-06-04,2026,2026-06,1
552,128.48,29.20,106,225,2025-11-02T18:25:15,2,2025-11-02,2025,2025-11,1
553,380.77,122.11,116,224,2026-07-01T18:50:29,1,2026-07-01,2026,2026-07,1
554,321.69,108.74,115,202,2025-09-11T09:54:56,11,2025-09-11,2025,2025-09,2
555,968.57,262.09,109,230,2026-05-03T11:54:36,3,2026-05-03,2026,2026-05,1
556,617.86,126.36,108,220,2025-06-16T10:37:39,16,2025-06-16,2025,2025-06,4
557,105.30,30.72,109,224,2026-04-12T16:37:01,12,2026-04-12,2026,2026-04,2
558,152.22,28.62,117,216,2026-02-23T10:00:30,23,2026-02-23,2026,2026-02,5
559,289.93,83.08,116,227,2025-05-01T14:45:44,1,2025-05-01,2025,2025-05,1
560,512.45,173.49,108,229,2025-01-03T10:13:36,3,2025-01-03,2025,2025-01,1
561,457.24,125.53,109,229,2025-05-22T17:11:20,22,2025-05-22,2025,2025-05,4
562,123.16,36.26,115,210,2025-10-12T19:45:30,12,2025-10-12,2025,2025-10,2
563,298.50,65.22,103,225,2025-11-13T18:12:48,13,2025-11-13,2025,2025-11,3
564,233.70,77.15,110,226,2026-07-09T18:30:04,9,2026-07-09,2026,2026-07,2
565,229.70,75.17,108,208,2025-01-20T10:11:22,20,2025-01-20,2025,2025-01,4
566,295.84,54.64,109,220,2025-11-25T15:18:52,25,2025-11-25,2025,2025-11,5
567,151.95,35.15,111,226,2025-07-04T15:33:13,4,2025-07-04,2025,2025-07,1
568,108.64,26.90,111,212,2025-04-12T17:51:46,12,2025-04-12,2025,2025-04,2
569,150.06,47.10,118,208,2025-03-02T19:11:10,2,2025-03-02,2025,2025-03,1
570,438.40,108.60,103,221,2025-02-23T11:41:14,23,2025-02-23,2025,2025-02,4
571,246.35,69.26,105,207,2025-11-22T16:27:42,22,2025-11-22,2025,2025-11,4
572,550.77,182.08,105,220,2026-05-28T11:42:13,28,2026-05-28,2026,2026-05,5
573,327.56,99.64,108,209,2026-04-08T08:45:38,8,2026-04-08,2026,2026-04,2
574,107.44,24.72,113,222,2025-06-21T08:00:35,21,2025-06-21,2025,2025-06,4
575,647.63,140.91,105,225,2026-01-25T14:23:50,25,2026-01-25,2026,2026-01,4
576,404.80,110.08,107,224,2026-02-09T10:14:19,9,2026-02-09,2026,2026-02,3
577,390.99,97.21,103,225,2025-12-17T19:33:46,17,2025-12-17,2025,2025-12,3
578,113.28,33.00,114,222,2026-05-03T08:04:40,3,2026-05-03,2026,2026-05,1
579,342.60,98.58,114,222,2026-05-16T15:09:01,16,2026-05-16,2026,2026-05,3
580,868.14,192.74,111,227,2026-04-01T10:14:48,1,2026-04-01,2026,2026-04,1
581,117.78,34.68,118,205,2025-10-15T14:30:50,15,2025-10-15,2025,2025-10,3
582,1113.66,320.01,115,221,2025-02-07T13:06:39,7,2025-02-07,2025,2025-02,2
583,212.16,63.40,114,204,2025-06-29T09:11:23,29,2025-06-29,2025,2025-06,5
584,942.16,266.22,102,229,2025-07-16T08:25:15,16,2025-07-16,2025,2025-07,3
585,353.27,89.71,107,221,2026-06-15T16:29:38,15,2026-06-15,2026,2026-06,3
586,41.50,10.20,114,221,2025-08-20T15:42:55,20,2025-08-20,2025,2025-08,4
587,1001.33,315.84,113,202,2025-04-10T08:30:26,10,2025-04-10,2025,2025-04,2
588,376.69,119.97,119,210,2026-03-26T09:44:29,26,2026-03-26,2026,2026-03,5
589,218.97,57.00,101,226,2025-02-27T18:10:51,27,2025-02-27,2025,2025-02,5
590,142.84,48.44,119,215,2026-02-25T12:14:37,25,2026-02-25,2026,2026-02,5
591,185.52,55.20,113,202,2025-04-14T14:10:57,14,2025-04-14,2025,2025-04,3
592,340.75,74.55,116,219,2025-04-16T08:13:25,16,2025-04-16,2025,2025-04,3
593,224.80,70.31,101,212,2025-05-10T19:36:10,10,2025-05-10,2025,2025-05,2
594,332.98,95.89,112,224,2026-01-02T13:39:54,2,2026-01-02,2026,2026-01,1
595,482.69,151.75,110,205,2025-05-29T09:02:36,29,2025-05-29,2025,2025-05,5
596,581.68,186.04,113,203,2025-07-26T09:14:42,26,2025-07-26,2025,2025-07,4
597,90.20,16.32,114,230,2025-04-18T16:16:13,18,2025-04-18,2025,2025-04,3
598,297.34,83.72,118,210,2025-08-24T16:29:34,24,2025-08-24,2025,2025-08,4
599,22.20,4.50,118,211,2026-01-07T08:10:48,7,2026-01-07,2026,2026-01,2
600,346.46,78.78,120,224,2026-03-27T11:32:20,27,2026-03-27,2026,2026-03,5
601,539.12,116.23,108,214,2025-01-23T11:12:19,23,2025-01-23,2025,2025-01,4
602,326.97,102.53,116,206,2025-06-25T17:35:32,25,2025-06-25,2025,2025-06,5
603,499.93,172.54,108,207,2025-10-29T10:42:16,29,2025-10-29,2025,2025-10,5
604,884.25,269.18,109,205,2025-03-08T11:02:52,8,2025-03-08,2025,2025-03,2
605,199.34,48.56,114,226,2025-02-07T11:46:19,7,2025-02-07,2025,2025-02,2
606,130.26,31.14,116,218,2026-01-19T12:38:00,19,2026-01-19,2026,2026-01,4
607,183.92,45.48,101,229,2025-12-27T12:11:24,27,2025-12-27,2025,2025-12,4
608,504.83,109.31,113,212,2026-04-24T15:52:24,24,2026-04-24,2026,2026-04,4
609,33.82,9.78,111,217,2025-08-22T09:47:29,22,2025-08-22,2025,2025-08,4
610,701.90,250.96,113,217,2025-07-21T13:59:37,21,2025-07-21,2025,2025-07,4
611,506.86,155.70,106,230,2025-11-03T13:07:51,3,2025-11-03,2025,2025-11,2
612,680.70,179.96,115,209,2025-08-03T16:38:12,3,2025-08-03,2025,2025-08,1
613,603.48,141.47,105,227,2025-11-17T11:25:10,17,2025-11-17,2025,2025-11,4
614,467.43,141.82,120,206,2026-02-18T17:47:12,18,2026-02-18,2026,2026-02,4
615,71.71,22.06,118,209,2026-02-05T14:56:30,5,2026-02-05,2026,2026-02,2
616,279.44,60.61,101,230,2025-11-08T09:41:50,8,2025-11-08,2025,2025-11,2
617,91.07,22.40,113,227,2026-01-31T13:10:00,31,2026-01-31,2026,2026-01,5
618,51.45,17.07,119,216,2026-02-25T15:07:11,25,2026-02-25,2026,2026-02,5
619,848.47,234.61,119,226,2025-05-14T11:44:39,14,2025-05-14,2025,2025-05,3
620,565.70,160.81,101,210,2025-01-08T10:35:51,8,2025-01-08,2025,2025-01,2
621,266.24,96.20,103,224,2025-11-01T15:07:10,1,2025-11-01,2025,2025-11,1
622,151.68,32.10,114,228,2025-04-08T15:09:51,8,2025-04-08,2025,2025-04,2
623,378.72,136.50,105,211,2026-07-05T13:18:49,5,2026-07-05,2026,2026-07,1
624,33.36,6.72,115,226,2026-02-26T18:03:49,26,2026-02-26,2026,2026-02,5
625,235.34,71.76,106,204,2025-11-30T15:27:56,30,2025-11-30,2025,2025-11,5
626,574.01,128.20,102,215,2025-05-20T13:57:17,20,2025-05-20,2025,2025-05,4
627,396.54,125.10,109,203,2026-02-05T11:03:59,5,2026-02-05,2026,2026-02,2
628,205.02,59.86,113,205,2026-03-28T14:31:07,28,2026-03-28,2026,2026-03,5
629,240.92,64.76,111,225,2026-06-20T19:40:09,20,2026-06-20,2026,2026-06,3
630,558.56,146.46,107,208,2025-01-05T08:53:09,5,2025-01-05,2025,2025-01,1
631,184.00,63.12,115,228,2025-06-21T11:02:27,21,2025-06-21,2025,2025-06,4
632,131.44,35.85,111,222,2026-07-30T19:24:37,30,2026-07-30,2026,2026-07,5
633,491.44,122.24,111,224,2025-06-27T08:16:22,27,2025-06-27,2025,2025-06,5
634,461.70,152.55,113,222,2026-07-04T18:21:43,4,2026-07-04,2026,2026-07,1
635,437.24,133.28,109,213,2025-05-17T14:02:41,17,2025-05-17,2025,2025-05,3
636,314.31,117.72,114,228,2026-04-05T14:57:39,5,2026-04-05,2026,2026-04,1
637,120.23,28.00,109,226,2025-08-31T15:48:02,31,2025-08-31,2025,2025-08,5
638,1468.02,351.78,103,218,2025-02-08T12:20:01,8,2025-02-08,2025,2025-02,2
639,595.62,149.07,116,212,2025-02-25T12:31:15,25,2025-02-25,2025,2025-02,5
640,506.16,186.12,101,203,2025-03-13T11:30:13,13,2025-03-13,2025,2025-03,3
641,145.57,36.12,118,226,2025-04-04T11:09:42,4,2025-04-04,2025,2025-04,1
642,136.99,40.48,102,213,2025-06-30T19:01:45,30,2025-06-30,2025,2025-06,5
643,547.12,123.61,112,201,2026-01-04T15:14:59,4,2026-01-04,2026,2026-01,1
644,491.80,135.59,108,209,2025-06-29T12:41:01,29,2025-06-29,2025,2025-06,5
645,624.88,162.68,103,218,2026-05-19T15:21:52,19,2026-05-19,2026,2026-05,4
646,1062.66,342.58,102,204,2025-12-23T17:16:37,23,2025-12-23,2025,2025-12,4
647,902.55,234.99,101,215,2025-06-01T12:45:26,1,2025-06-01,2025,2025-06,1
648,556.50,159.70,108,212,2025-07-13T15:41:58,13,2025-07-13,2025,2025-07,2
649,304.86,103.50,107,222,2026-02-26T09:37:04,26,2026-02-26,2026,2026-02,5
650,420.62,125.26,101,224,2025-10-03T11:48:51,3,2025-10-03,2025,2025-10,1
651,446.56,123.17,120,222,2025-07-22T16:51:21,22,2025-07-22,2025,2025-07,4
652,449.06,135.59,105,209,2025-07-16T12:43:16,16,2025-07-16,2025,2025-07,3
653,309.60,116.88,108,219,2025-03-04T12:50:37,4,2025-03-04,2025,2025-03,2
654,212.96,80.36,105,213,2025-08-05T17:30:31,5,2025-08-05,2025,2025-08,2
655,844.71,231.57,116,227,2025-09-30T16:50:45,30,2025-09-30,2025,2025-09,5
656,74.15,21.20,104,221,2026-02-16T10:31:40,16,2026-02-16,2026,2026-02,4
657,735.96,202.66,119,212,2025-09-12T14:42:25,12,2025-09-12,2025,2025-09,2
658,117.69,43.11,107,204,2026-05-12T15:17:05,12,2026-05-12,2026,2026-05,3
659,531.66,148.80,115,222,2025-04-13T15:00:22,13,2025-04-13,2025,2025-04,2
660,374.54,100.48,109,208,2026-07-16T16:29:52,16,2026-07-16,2026,2026-07,3
661,663.00,195.76,112,216,2025-04-02T09:55:12,2,2025-04-02,2025,2025-04,1
662,598.88,165.68,106,201,2026-05-19T09:38:47,19,2026-05-19,2026,2026-05,4
663,83.68,21.88,120,220,2026-07-30T15:57:16,30,2026-07-30,2026,2026-07,5
664,322.86,115.00,120,229,2025-04-29T18:25:41,29,2025-04-29,2025,2025-04,5
665,86.36,28.86,104,218,2026-01-09T10:17:57,9,2026-01-09,2026,2026-01,2
666,191.26,58.34,106,211,2026-05-27T16:17:50,27,2026-05-27,2026,2026-05,5
667,980.84,315.14,110,230,2025-05-07T12:58:40,7,2025-05-07,2025,2025-05,2
668,684.24,213.34,104,220,2025-07-03T16:52:29,3,2025-07-03,2025,2025-07,1
669,310.21,74.80,119,208,2025-07-19T17:58:34,19,2025-07-19,2025,2025-07,3
670,189.24,55.86,101,221,2025-07-20T19:51:19,20,2025-07-20,2025,2025-07,3
671,1096.51,338.93,110,203,2025-06-01T14:51:17,1,2025-06-01,2025,2025-06,1
672,73.46,17.66,119,221,2025-09-08T08:37:07,8,2025-09-08,2025,2025-09,2
673,1157.67,341.17,113,227,2025-06-26T19:53:01,26,2025-06-26,2025,2025-06,5
674,254.20,74.85,113,215,2026-06-06T12:05:41,6,2026-06-06,2026,2026-06,1
675,327.09,84.46,107,230,2025-04-07T18:47:34,7,2025-04-07,2025,2025-04,2
676,734.93,238.16,103,223,2026-07-05T11:21:56,5,2026-07-05,2026,2026-07,1
677,410.59,95.92,119,210,2025-07-04T08:05:48,4,2025-07-04,2025,2025-07,1
678,547.26,147.77,108,221,2025-01-01T12:31:15,1,2025-01-01,2025,2025-01,1
679,97.57,31.45,104,214,2026-07-06T17:17:42,6,2026-07-06,2026,2026-07,2
680,212.45,44.82,110,204,2025-05-18T18:57:42,18,2025-05-18,2025,2025-05,3
681,638.83,190.06,120,205,2025-06-17T15:16:58,17,2025-06-17,2025,2025-06,4
682,377.20,96.53,104,202,2025-06-17T15:38:24,17,2025-06-17,2025,2025-06,4
683,418.88,137.31,119,202,2025-04-23T17:58:57,23,2025-04-23,2025,2025-04,4
684,697.47,220.68,102,210,2025-06-29T17:35:03,29,2025-06-29,2025,2025-06,5
685,471.32,157.79,112,216,2025-11-22T15:05:30,22,2025-11-22,2025,2025-11,4
686,276.54,58.38,118,204,2025-05-11T12:42:57,11,2025-05-11,2025,2025-05,2
687,731.40,218.32,114,204,2025-05-27T14:53:45,27,2025-05-27,2025,2025-05,5
688,569.05,182.93,112,208,2026-04-25T17:08:34,25,2026-04-25,2026,2026-04,4
689,166.20,44.71,103,229,2025-03-23T09:23:46,23,2025-03-23,2025,2025-03,4
690,483.43,136.24,117,218,2026-03-11T17:15:37,11,2026-03-11,2026,2026-03,3
691,1571.82,494.70,111,205,2025-07-14T08:07:57,14,2025-07-14,2025,2025-07,3
692,467.86,124.04,101,213,2025-06-29T09:22:03,29,2025-06-29,2025,2025-06,5
693,694.42,192.64,114,215,2025-05-01T13:16:49,1,2025-05-01,2025,2025-05,1
694,193.09,41.99,116,212,2026-05-15T09:02:48,15,2026-05-15,2026,2026-05,3
695,209.70,57.72,104,222,2025-07-22T09:32:33,22,2025-07-22,2025,2025-07,4
696,794.74,180.90,114,224,2025-11-03T14:38:07,3,2025-11-03,2025,2025-11,2
697,742.86,176.76,112,223,2026-02-09T15:39:54,9,2026-02-09,2026,2026-02,3
698,538.44,169.50,115,218,2025-11-29T15:16:46,29,2025-11-29,2025,2025-11,5
699,247.25,67.98,105,214,2026-05-07T13:16:10,7,2026-05-07,2026,2026-05,2
700,1042.01,227.81,114,219,2026-03-16T11:36:43,16,2026-03-16,2026,2026-03,4
701,257.18,87.81,106,224,2026-03-13T08:19:17,13,2026-03-13,2026,2026-03,3
702,319.57,79.83,117,224,2025-12-11T15:45:23,11,2025-12-11,2025,2025-12,2
703,201.76,60.17,109,205,2025-11-26T11:51:32,26,2025-11-26,2025,2025-11,5
704,494.85,125.61,120,229,2026-07-20T10:22:19,20,2026-07-20,2026,2026-07,4
705,51.92,18.82,118,214,2025-05-14T19:27:38,14,2025-05-14,2025,2025-05,3
706,709.54,178.99,116,221,2025-07-15T11:30:43,15,2025-07-15,2025,2025-07,3
707,283.54,61.81,115,204,2026-07-28T14:19:23,28,2026-07-28,2026,2026-07,5
708,121.32,41.58,114,227,2025-10-24T08:49:38,24,2025-10-24,2025,2025-10,4
709,80.04,22.56,119,216,2026-06-30T17:20:51,30,2026-06-30,2026,2026-06,5
710,524.40,175.17,109,220,2026-02-04T15:17:50,4,2026-02-04,2026,2026-02,2
711,367.29,81.63,111,214,2025-11-07T12:00:39,7,2025-11-07,2025,2025-11,2
712,416.00,98.58,108,209,2025-10-04T08:56:16,4,2025-10-04,2025,2025-10,1
713,729.10,218.86,103,202,2026-07-17T12:48:24,17,2026-07-17,2026,2026-07,3
714,269.13,87.14,109,223,2025-10-14T11:13:02,14,2025-10-14,2025,2025-10,3
715,347.72,96.14,115,212,2026-07-19T11:45:10,19,2026-07-19,2026,2026-07,3
716,451.17,126.10,108,207,2025-07-13T18:22:13,13,2025-07-13,2025,2025-07,2
717,533.12,100.04,115,215,2025-04-13T17:35:22,13,2025-04-13,2025,2025-04,2
718,94.80,22.15,119,215,2025-02-14T10:24:22,14,2025-02-14,2025,2025-02,3
719,32.28,10.72,120,208,2026-07-10T14:09:36,10,2026-07-10,2026,2026-07,2
720,283.61,56.89,113,228,2025-06-17T13:35:44,17,2025-06-17,2025,2025-06,4
721,190.83,67.03,111,212,2025-05-26T08:01:19,26,2025-05-26,2025,2025-05,5
722,468.23,126.10,101,204,2026-01-29T10:02:46,29,2026-01-29,2026,2026-01,5
723,1000.29,300.90,116,222,2026-03-12T10:44:04,12,2026-03-12,2026,2026-03,3
724,177.01,59.05,111,212,2025-05-31T13:49:48,31,2025-05-31,2025,2025-05,5
725,253.74,54.90,106,218,2025-10-13T10:38:00,13,2025-10-13,2025,2025-10,3
726,657.43,214.30,116,229,2025-12-28T13:48:46,28,2025-12-28,2025,2025-12,4
727,874.11,259.35,107,221,2026-01-29T09:31:19,29,2026-01-29,2026,2026-01,5
728,223.09,77.28,112,212,2025-12-24T14:34:09,24,2025-12-24,2025,2025-12,4
729,282.59,86.92,109,202,2025-05-22T10:08:03,22,2025-05-22,2025,2025-05,4
730,22.75,5.57,111,213,2025-03-17T16:40:49,17,2025-03-17,2025,2025-03,4
731,330.72,87.68,109,209,2025-06-03T11:19:15,3,2025-06-03,2025,2025-06,2
732,1099.52,359.86,120,207,2025-06-14T08:11:52,14,2025-06-14,2025,2025-06,3
733,72.76,25.06,109,204,2025-08-05T15:17:20,5,2025-08-05,2025,2025-08,2
734,580.08,143.41,118,228,2025-03-21T16:31:39,21,2025-03-21,2025,2025-03,4
735,21.95,4.00,101,227,2025-10-16T10:57:46,16,2025-10-16,2025,2025-10,3
736,726.94,181.99,117,215,2025-07-12T18:02:35,12,2025-07-12,2025,2025-07,2
737,577.82,177.78,107,203,2025-02-16T08:52:28,16,2025-02-16,2025,2025-02,3
738,777.20,174.05,103,222,2025-04-10T14:01:53,10,2025-04-10,2025,2025-04,2
739,575.54,190.24,108,207,2025-04-06T12:12:56,6,2025-04-06,2025,2025-04,1
740,284.61,93.01,114,221,2026-06-20T14:12:54,20,2026-06-20,2026,2026-06,3
741,443.02,144.64,116,221,2025-01-16T10:35:46,16,2025-01-16,2025,2025-01,3
742,598.71,145.95,118,220,2025-04-02T09:17:41,2,2025-04-02,2025,2025-04,1
743,848.46,239.94,108,201,2025-05-07T18:21:12,7,2025-05-07,2025,2025-05,2
744,409.50,131.04,116,202,2025-02-13T19:17:52,13,2025-02-13,2025,2025-02,3
745,105.21,30.93,116,226,2025-01-09T10:48:49,9,2025-01-09,2025,2025-01,2
746,670.85,192.36,115,211,2025-08-17T15:04:02,17,2025-08-17,2025,2025-08,3
747,601.74,132.32,101,208,2025-12-17T19:00:07,17,2025-12-17,2025,2025-12,3
748,254.90,57.75,103,205,2026-03-17T16:37:05,17,2026-03-17,2026,2026-03,4
749,112.23,26.91,110,226,2025-03-27T10:34:48,27,2025-03-27,2025,2025-03,5
750,535.30,119.83,108,219,2026-04-08T15:38:26,8,2026-04-08,2026,2026-04,2
