id,medicine_id,quantity,total,profit,order_id,created_at
1,543,5,111.40,39.45,1,2025-07-30T09:14:56
2,536,2,136.18,40.74,1,2025-07-30T09:14:56
3,517,2,27.58,9.74,2,2025-05-29T10:21:59
4,576,1,33.66,11.37,2,2025-05-29T10:21:59
5,517,3,18.78,4.38,2,2025-05-29T10:21:59
6,547,6,60.48,16.32,3,2026-03-08T17:34:37
7,506,4,181.24,66.88,4,2026-06-10T18:48:26
8,562,6,492.72,94.68,5,2026-06-18T13:29:27
9,592,4,156.40,31.52,5,2026-06-18T13:29:27
10,578,4,43.52,8.52,5,2026-06-18T13:29:27
11,582,2,20.50,4.82,5,2026-06-18T13:29:27
12,578,5,237.20,64.20,6,2026-07-16T13:55:11
13,584,4,51.72,16.56,6,2026-07-16T13:55:11
14,528,6,451.32,130.98,6,2026-07-16T13:55:11
15,544,4,164.48,37.12,6,2026-07-16T13:55:11
16,586,6,75.66,20.10,7,2026-04-10T15:15:31
17,561,3,104.82,22.08,7,2026-04-10T15:15:31
18,556,1,12.30,2.42,7,2026-04-10T15:15:31
19,517,1,64.57,16.43,7,2026-04-10T15:15:31
20,586,6,88.68,22.26,8,2026-07-24T09:05:30
21,537,4,297.80,96.56,8,2026-07-24T09:05:30
22,565,5,150.00,30.10,8,2026-07-24T09:05:30
23,572,2,145.56,36.40,9,2025-08-06T10:49:00
24,529,3,42.57,10.02,9,2025-08-06T10:49:00
25,580,4,290.44,108.88,9,2025-08-06T10:49:00
26,578,5,295.00,85.95,9,2025-08-06T10:49:00
27,544,3,183.66,44.40,10,2025-10-01T08:31:37
28,573,3,16.47,5.82,10,2025-10-01T08:31:37
29,596,6,333.90,62.16,11,2026-02-15T09:16:00
30,544,5,111.05,29.30,11,2026-02-15T09:16:00
31,577,6,185.70,68.40,12,2025-06-11T14:44:11
32,597,1,75.67,15.98,12,2025-06-11T14:44:11
33,557,5,44.90,8.80,12,2025-06-11T14:44:11
34,515,4,107.40,35.56,13,2026-03-11T16:50:28
35,587,3,118.17,27.96,13,2026-03-11T16:50:28
36,506,5,219.65,68.85,13,2026-03-11T16:50:28
37,501,2,73.24,21.96,13,2026-03-11T16:50:28
38,516,2,132.26,31.46,14,2025-07-29T13:29:13
39,517,1,44.79,11.92,14,2025-07-29T13:29:13
40,546,5,248.50,77.95,15,2026-01-25T17:41:43
41,556,1,36.77,12.08,15,2026-01-25T17:41:43
42,591,3,153.18,45.15,16,2025-01-20T16:22:10
43,580,4,26.68,6.52,17,2026-03-04T13:16:13
44,576,4,290.24,66.36,18,2026-04-17T14:35:14
45,529,4,298.56,98.28,19,2026-02-15T17:32:18
46,525,5,278.30,79.65,20,2025-12-08T11:03:38
47,523,2,26.44,6.12,21,2025-12-24T14:23:29
48,510,5,86.15,28.60,21,2025-12-24T14:23:29
49,558,4,261.44,86.80,22,2025-07-01T19:25:53
50,582,6,473.58,138.72,22,2025-07-01T19:25:53
51,541,5,154.30,57.75,22,2025-07-01T19:25:53
52,581,2,80.36,22.00,22,2025-07-01T19:25:53
53,558,3,136.77,33.12,23,2025-11-07T13:00:01
54,512,3,33.42,11.79,24,2025-02-08T09:02:08
55,575,5,262.65,67.45,24,2025-02-08T09:02:08
56,506,5,406.70,133.30,24,2025-02-08T09:02:08
57,508,3,160.20,44.91,25,2026-04-06T18:24:24
58,544,4,53.12,19.12,25,2026-04-06T18:24:24
59,557,1,24.82,6.64,26,2025-03-28T17:11:06
60,548,5,234.10,49.55,26,2025-03-28T17:11:06
61,581,3,177.93,33.90,27,2025-10-17T15:03:09
62,572,6,190.62,46.86,27,2025-10-17T15:03:09
63,585,6,215.58,49.68,27,2025-10-17T15:03:09
64,575,5,374.30,92.35,27,2025-10-17T15:03:09
65,577,6,365.28,94.38,28,2025-05-25T14:22:05
66,549,6,480.24,116.16,28,2025-05-25T14:22:05
67,586,6,409.98,140.46,28,2025-05-25T14:22:05
68,524,5,169.75,42.85,29,2026-06-24T09:42:04
69,525,2,64.68,21.56,29,2026-06-24T09:42:04
70,538,2,170.00,35.86,29,2026-06-24T09:42:04
71,595,1,45.62,13.14,29,2026-06-24T09:42:04
72,521,5,77.40,19.75,30,2026-06-24T08:41:13
73,522,2,143.02,47.80,30,2026-06-24T08:41:13
74,587,6,240.06,62.94,30,2026-06-24T08:41:13
75,531,6,406.20,92.10,31,2025-09-01T16:05:11
76,525,3,246.75,83.13,31,2025-09-01T16:05:11
77,557,3,177.78,52.29,31,2025-09-01T16:05:11
78,526,5,236.00,88.10,32,2026-04-18T13:07:46
79,583,5,80.35,18.50,32,2026-04-18T13:07:46
80,514,4,299.72,87.20,32,2026-04-18T13:07:46
81,537,6,436.02,152.70,32,2026-04-18T13:07:46
82,556,4,309.68,64.88,33,2025-03-27T10:55:06
83,558,1,80.71,18.11,33,2025-03-27T10:55:06
84,551,3,238.32,62.67,33,2025-03-27T10:55:06
85,504,4,338.24,86.24,34,2026-05-30T14:48:27
86,584,3,238.41,82.92,34,2026-05-30T14:48:27
87,590,1,27.95,9.67,35,2025-12-10T10:39:31
88,579,2,131.42,35.98,35,2025-12-10T10:39:31
89,594,3,66.75,14.01,36,2025-01-06T09:26:32
90,531,3,72.03,14.73,37,2026-06-25T15:42:18
91,577,1,13.87,5.01,38,2026-03-06T19:37:54
92,531,5,31.55,8.95,38,2026-03-06T19:37:54
93,579,6,98.94,26.28,38,2026-03-06T19:37:54
94,586,3,72.75,19.17,38,2026-03-06T19:37:54
95,565,1,81.27,23.47,39,2025-03-29T17:31:47
96,506,5,33.15,11.75,39,2025-03-29T17:31:47
97,596,6,215.70,54.96,39,2025-03-29T17:31:47
98,514,3,72.87,22.68,40,2025-01-17T14:30:02
99,523,3,146.04,50.04,41,2025-12-07T10:25:43
100,559,2,20.10,6.74,42,2026-04-21T16:42:41
101,526,1,28.48,5.38,42,2026-04-21T16:42:41
102,561,5,184.30,63.25,43,2025-02-12T13:44:42
103,537,3,23.79,7.35,43,2025-02-12T13:44:42
104,584,3,221.91,42.06,43,2025-02-12T13:44:42
105,557,3,119.88,31.17,44,2025-12-06T12:58:25
106,567,4,241.48,61.20,45,2026-01-31T14:10:19
107,511,3,207.27,67.44,45,2026-01-31T14:10:19
108,542,5,142.50,28.55,46,2026-03-17T18:58:02
109,592,6,171.90,46.26,46,2026-03-17T18:58:02
110,546,3,122.31,39.81,47,2026-03-13T11:02:01
111,508,5,424.25,99.65,47,2026-03-13T11:02:01
112,566,1,58.69,15.33,47,2026-03-13T11:02:01
113,519,6,356.10,131.94,47,2026-03-13T11:02:01
114,547,1,23.88,7.38,48,2026-03-25T08:38:00
115,520,4,323.84,60.40,48,2026-03-25T08:38:00
116,568,4,264.20,77.88,49,2026-04-06T14:45:11
117,532,3,110.52,34.26,49,2026-04-06T14:45:11
118,567,1,7.07,1.54,49,2026-04-06T14:45:11
119,528,3,201.00,64.47,50,2026-02-01T18:13:29
120,523,1,15.86,3.09,51,2025-10-20T16:56:31
121,588,6,243.66,48.12,51,2025-10-20T16:56:31
122,521,5,241.85,86.65,52,2025-11-24T14:19:28
123,531,1,83.81,28.36,53,2025-06-28T14:34:50
124,548,4,28.40,8.24,53,2025-06-28T14:34:50
125,551,5,378.70,73.15,54,2026-04-24T18:02:32
126,599,6,375.06,106.92,54,2026-04-24T18:02:32
127,558,2,165.58,51.08,55,2026-02-24T18:27:56
128,582,2,150.48,50.56,56,2026-04-23T17:25:05
129,556,5,97.80,36.50,56,2026-04-23T17:25:05
130,516,5,389.30,74.40,56,2026-04-23T17:25:05
131,529,2,35.92,13.18,57,2026-06-15T10:47:08
132,537,3,242.40,68.79,57,2026-06-15T10:47:08
133,571,1,25.05,7.69,57,2026-06-15T10:47:08
134,522,5,238.40,66.85,58,2025-10-09T10:16:43
135,585,5,401.65,84.70,58,2025-10-09T10:16:43
136,573,5,313.25,94.30,58,2025-10-09T10:16:43
137,534,1,80.88,27.03,59,2025-02-12T08:30:59
138,581,5,280.60,78.45,60,2025-08-04T18:24:55
139,562,5,140.85,52.30,60,2025-08-04T18:24:55
140,539,2,138.76,43.98,60,2025-08-04T18:24:55
141,557,4,43.36,8.32,60,2025-08-04T18:24:55
142,592,2,64.44,13.46,61,2026-03-02T16:48:55
143,552,3,191.22,67.35,61,2026-03-02T16:48:55
144,514,2,131.70,37.28,61,2026-03-02T16:48:55
145,558,3,73.02,14.94,61,2026-03-02T16:48:55
146,579,1,28.22,7.25,62,2025-09-11T10:33:52
147,525,3,239.10,77.52,63,2026-03-05T12:31:10
148,564,2,89.72,25.38,63,2026-03-05T12:31:10
149,531,1,80.62,22.66,64,2025-11-12T17:03:15
150,584,1,9.04,2.52,65,2025-08-09T18:37:10
151,514,6,255.90,73.50,65,2025-08-09T18:37:10
152,547,4,62.84,14.64,65,2025-08-09T18:37:10
153,547,4,36.36,10.64,66,2026-02-17T14:39:42
154,536,4,181.36,60.36,67,2026-07-21T13:15:13
155,572,4,139.44,52.60,68,2025-05-02T10:20:32
156,506,5,228.65,64.05,69,2026-01-10T10:37:34
157,561,1,15.96,3.94,69,2026-01-10T10:37:34
158,579,5,382.25,79.50,70,2026-06-16T16:19:09
159,595,3,54.00,20.43,70,2026-06-16T16:19:09
160,591,5,356.30,102.05,71,2025-11-03T18:48:30
161,548,5,144.90,49.70,71,2025-11-03T18:48:30
162,575,3,176.70,66.45,71,2025-11-03T18:48:30
163,600,5,214.85,80.25,72,2025-11-12T19:27:19
164,600,2,93.88,30.44,73,2025-08-22T08:56:05
165,505,4,67.28,21.28,73,2025-08-22T08:56:05
166,503,5,404.30,81.65,73,2025-08-22T08:56:05
167,589,4,120.40,25.32,73,2025-08-22T08:56:05
168,567,6,379.14,121.74,74,2025-07-28T15:28:14
169,562,2,99.74,37.86,74,2025-07-28T15:28:14
170,559,5,175.75,65.25,74,2025-07-28T15:28:14
171,599,5,161.95,40.65,74,2025-07-28T15:28:14
172,539,2,163.18,38.48,75,2025-09-28T19:06:21
173,599,2,160.64,60.48,75,2025-09-28T19:06:21
174,563,3,184.17,58.56,75,2025-09-28T19:06:21
175,593,3,130.14,38.01,75,2025-09-28T19:06:21
176,551,5,295.65,75.65,76,2025-10-08T13:14:20
177,545,1,28.01,9.04,77,2025-12-20T10:39:59
178,528,4,229.92,75.76,77,2025-12-20T10:39:59
179,572,2,142.48,33.38,77,2025-12-20T10:39:59
180,507,5,321.35,73.20,78,2025-10-06T10:29:56
181,561,1,13.02,3.20,79,2026-06-28T12:06:29
182,571,1,59.50,12.35,79,2026-06-28T12:06:29
183,537,4,228.16,75.56,80,2025-06-11T15:24:27
184,599,3,83.49,16.02,80,2025-06-11T15:24:27
185,595,1,57.18,12.95,80,2025-06-11T15:24:27
186,523,6,438.18,82.14,80,2025-06-11T15:24:27
187,596,4,272.16,59.12,81,2026-03-04T11:12:00
188,543,3,151.32,30.48,82,2025-10-24T08:40:55
189,525,2,146.16,39.98,83,2025-10-19T16:16:16
190,583,1,31.45,10.26,83,2025-10-19T16:16:16
191,544,3,187.47,34.26,83,2025-10-19T16:16:16
192,523,3,151.26,50.13,83,2025-10-19T16:16:16
193,518,1,37.07,7.38,84,2026-02-20T15:47:09
194,534,4,123.56,28.36,84,2026-02-20T15:47:09
195,543,4,95.36,31.56,84,2026-02-20T15:47:09
196,508,3,171.87,54.75,85,2025-11-06T18:36:12
197,591,2,74.86,21.00,86,2025-05-02T16:28:20
198,538,3,180.66,55.59,86,2025-05-02T16:28:20
199,518,3,162.51,36.36,86,2025-05-02T16:28:20
200,590,6,504.66,128.52,87,2026-05-05T10:47:19
201,586,5,390.10,129.30,87,2026-05-05T10:47:19
202,577,2,131.90,41.68,87,2026-05-05T10:47:19
203,547,1,47.04,13.44,87,2026-05-05T10:47:19
204,526,1,71.30,25.71,88,2025-03-21T18:16:13
205,588,3,220.08,59.07,89,2026-07-04T10:43:40
206,566,2,124.70,34.64,89,2026-07-04T10:43:40
207,508,2,92.12,25.00,90,2026-04-02T09:00:46
208,593,5,209.95,71.65,90,2026-04-02T09:00:46
209,596,1,36.68,12.59,90,2026-04-02T09:00:46
210,545,2,102.52,19.38,90,2026-04-02T09:00:46
211,537,1,83.89,23.02,91,2025-03-07T17:51:05
212,554,6,499.62,154.50,92,2026-02-23T11:16:35
213,549,3,253.29,64.98,92,2026-02-23T11:16:35
214,569,6,442.92,90.24,93,2026-01-20T09:27:39
215,529,4,189.24,61.60,93,2026-01-20T09:27:39
216,569,4,235.52,68.04,94,2025-01-04T08:24:49
217,545,4,283.48,65.04,94,2025-01-04T08:24:49
218,593,2,54.10,19.88,94,2025-01-04T08:24:49
219,503,5,331.40,118.25,95,2025-04-26T08:35:11
220,505,2,42.98,8.60,95,2025-04-26T08:35:11
221,507,4,211.28,67.76,95,2025-04-26T08:35:11
222,530,2,128.48,33.46,95,2025-04-26T08:35:11
223,594,2,90.62,21.56,96,2026-07-07T11:57:18
224,585,2,58.28,12.16,97,2025-11-23T18:30:45
225,508,5,113.40,27.25,97,2025-11-23T18:30:45
226,523,5,404.40,143.95,97,2025-11-23T18:30:45
227,586,1,82.78,30.49,98,2026-03-14T18:07:08
228,554,4,271.44,66.16,98,2026-03-14T18:07:08
229,597,4,67.76,17.28,98,2026-03-14T18:07:08
230,539,5,214.40,75.00,98,2026-03-14T18:07:08
231,568,5,190.05,50.05,99,2025-05-28T16:25:44
232,558,3,63.81,19.74,100,2025-05-18T15:04:15
233,525,3,37.20,12.09,100,2025-05-18T15:04:15
234,510,6,320.40,60.18,101,2025-02-22T12:53:13
235,586,2,138.74,41.28,101,2025-02-22T12:53:13
236,543,5,111.80,24.80,101,2025-02-22T12:53:13
237,525,3,244.68,44.79,101,2025-02-22T12:53:13
238,531,6,320.10,70.74,102,2025-05-01T16:43:06
239,560,5,153.65,36.35,102,2025-05-01T16:43:06
240,564,3,77.76,21.96,103,2026-07-01T19:48:34
241,561,4,51.56,19.40,103,2026-07-01T19:48:34
242,553,3,234.45,59.58,103,2026-07-01T19:48:34
243,575,6,100.02,23.22,104,2025-02-16T18:14:25
244,526,5,313.00,74.80,104,2025-02-16T18:14:25
245,584,5,358.35,100.30,105,2025-12-04T12:11:14
246,563,6,192.06,63.90,105,2025-12-04T12:11:14
247,522,6,338.04,94.02,105,2025-12-04T12:11:14
248,593,6,411.60,88.02,105,2025-12-04T12:11:14
249,568,5,421.15,156.45,106,2026-07-14T16:53:22
250,586,1,72.13,14.06,106,2026-07-14T16:53:22
251,591,2,144.80,32.76,107,2025-02-19T08:06:58
252,548,2,11.46,3.22,107,2025-02-19T08:06:58
253,579,1,54.43,17.06,107,2025-02-19T08:06:58
254,569,4,230.96,42.28,107,2025-02-19T08:06:58
255,537,1,47.35,11.12,108,2026-07-19T15:29:17
256,520,2,27.12,5.40,109,2025-01-18T17:08:33
257,546,2,40.70,11.62,109,2025-01-18T17:08:33
258,552,3,205.77,40.29,109,2025-01-18T17:08:33
259,529,4,200.80,75.92,109,2025-01-18T17:08:33
260,561,1,37.42,9.56,110,2025-11-04T09:28:03
261,556,6,112.26,31.44,111,2025-02-27T19:35:29
262,589,5,392.65,88.70,112,2025-12-06T18:18:03
263,570,1,59.75,14.11,113,2026-05-02T12:56:06
264,597,1,81.92,24.36,114,2025-02-03T11:15:54
265,539,6,424.02,155.10,114,2025-02-03T11:15:54
266,550,2,100.24,29.40,114,2025-02-03T11:15:54
267,593,6,97.20,36.72,115,2026-07-08T14:02:20
268,507,1,45.06,16.89,115,2026-07-08T14:02:20
269,544,1,39.97,13.90,115,2026-07-08T14:02:20
270,551,5,332.60,123.40,115,2026-07-08T14:02:20
271,549,4,177.00,44.44,116,2025-12-01T08:32:21
272,549,4,79.44,23.60,116,2025-12-01T08:32:21
273,532,1,66.77,15.96,116,2025-12-01T08:32:21
274,520,2,70.80,23.84,117,2025-03-17T09:29:36
275,512,6,217.02,54.72,117,2025-03-17T09:29:36
276,598,1,80.44,21.63,117,2025-03-17T09:29:36
277,572,1,19.99,5.39,118,2025-10-04T09:51:39
278,546,5,188.20,34.85,118,2025-10-04T09:51:39
279,600,4,23.96,6.28,119,2026-07-22T09:41:39
280,532,1,62.99,18.39,119,2026-07-22T09:41:39
281,522,5,233.45,74.00,119,2026-07-22T09:41:39
282,556,3,133.35,25.68,120,2025-05-23T12:53:43
283,510,3,116.07,32.13,120,2025-05-23T12:53:43
284,581,3,75.42,17.31,120,2025-05-23T12:53:43
285,551,4,54.24,13.08,121,2026-05-23T18:48:35
286,543,3,216.99,55.53,121,2026-05-23T18:48:35
287,542,6,497.64,103.14,122,2026-03-27T14:05:37
288,541,5,403.90,88.95,122,2026-03-27T14:05:37
289,538,2,164.34,61.42,122,2026-03-27T14:05:37
290,574,6,363.60,101.16,122,2026-03-27T14:05:37
291,515,3,210.96,54.54,123,2025-09-06T13:55:57
292,524,5,104.90,39.80,123,2025-09-06T13:55:57
293,594,6,398.46,73.86,123,2025-09-06T13:55:57
294,538,4,321.76,71.40,123,2025-09-06T13:55:57
295,585,2,111.34,25.44,124,2025-03-12T15:26:53
296,510,2,124.44,42.04,124,2025-03-12T15:26:53
297,552,4,337.04,92.96,124,2025-03-12T15:26:53
298,589,5,227.65,82.90,124,2025-03-12T15:26:53
299,577,3,183.39,62.79,125,2026-03-05T17:53:48
300,579,6,349.08,74.46,126,2025-03-29T09:59:27
301,583,1,50.06,15.47,126,2025-03-29T09:59:27
302,566,1,5.84,1.35,127,2026-02-14T14:02:11
303,574,6,279.00,82.62,127,2026-02-14T14:02:11
304,599,2,81.32,21.00,127,2026-02-14T14:02:11
305,545,6,312.54,87.54,127,2026-02-14T14:02:11
306,515,3,114.84,42.75,128,2025-01-26T16:47:18
307,562,3,124.29,27.51,129,2025-05-26T14:20:28
308,590,3,129.27,34.59,129,2025-05-26T14:20:28
309,591,4,122.04,29.28,129,2025-05-26T14:20:28
310,595,6,82.50,28.08,130,2025-04-28T08:24:40
311,543,2,92.56,26.88,130,2025-04-28T08:24:40
312,552,5,195.55,53.25,130,2025-04-28T08:24:40
313,526,4,29.36,8.88,131,2025-07-08T11:23:35
314,591,4,209.52,54.00,131,2025-07-08T11:23:35
315,509,2,42.92,14.18,131,2025-07-08T11:23:35
316,524,5,65.70,23.30,131,2025-07-08T11:23:35
317,563,4,56.48,17.76,132,2026-01-10T13:56:03
318,550,5,411.35,99.85,132,2026-01-10T13:56:03
319,523,3,99.48,27.03,133,2026-02-06T18:41:09
320,540,6,94.32,19.20,134,2025-11-01T19:11:10
321,577,6,97.86,25.20,135,2025-04-30T11:19:56
322,563,2,101.96,26.98,135,2025-04-30T11:19:56
323,523,6,287.94,104.76,135,2025-04-30T11:19:56
324,558,3,48.66,11.82,136,2026-07-23T11:02:15
325,502,5,46.45,11.70,136,2026-07-23T11:02:15
326,572,4,63.68,21.84,136,2026-07-23T11:02:15
327,563,5,286.25,74.95,136,2026-07-23T11:02:15
328,598,2,23.22,4.32,137,2026-03-02T16:04:48
329,569,2,56.74,13.34,137,2026-03-02T16:04:48
330,596,3,55.38,15.03,137,2026-03-02T16:04:48
331,515,4,195.92,39.72,137,2026-03-02T16:04:48
332,593,5,354.05,66.70,138,2025-10-02T17:53:13
333,514,4,194.84,73.64,138,2025-10-02T17:53:13
334,539,6,428.46,141.48,138,2025-10-02T17:53:13
335,516,3,221.94,43.80,139,2025-02-03T16:11:13
336,589,2,43.58,14.28,139,2025-02-03T16:11:13
337,555,3,221.64,66.96,139,2025-02-03T16:11:13
338,573,2,140.16,47.80,140,2025-06-19T19:13:00
339,522,3,142.74,42.72,140,2025-06-19T19:13:00
340,587,5,131.95,46.40,141,2025-11-28T13:19:38
341,553,1,15.85,5.23,141,2025-11-28T13:19:38
342,517,1,84.40,29.83,141,2025-11-28T13:19:38
343,587,6,184.62,42.36,142,2025-05-16T12:32:42
344,535,4,176.64,52.20,142,2025-05-16T12:32:42
345,512,1,55.69,19.83,143,2026-03-01T14:49:47
346,548,4,185.00,43.60,143,2026-03-01T14:49:47
347,501,4,324.08,79.56,143,2026-03-01T14:49:47
348,582,6,74.70,27.96,143,2026-03-01T14:49:47
349,564,2,164.90,56.88,144,2026-01-02T09:09:10
350,571,3,92.49,21.90,144,2026-01-02T09:09:10
351,544,5,77.25,27.05,144,2026-01-02T09:09:10
352,581,6,395.88,74.88,144,2026-01-02T09:09:10
353,555,2,80.60,14.52,145,2026-04-16T08:17:47
354,512,2,149.90,53.26,146,2025-07-27T10:24:05
355,586,6,202.98,39.90,146,2025-07-27T10:24:05
356,540,6,109.44,28.38,146,2025-07-27T10:24:05
357,510,6,75.66,16.86,147,2025-08-28T15:48:50
358,590,5,297.00,54.00,148,2025-05-16T18:48:27
359,555,3,211.11,79.71,148,2025-05-16T18:48:27
360,514,2,71.30,23.26,149,2025-05-16T16:41:46
361,597,3,47.91,16.05,150,2025-04-16T13:42:15
362,509,2,112.66,35.54,150,2025-04-16T13:42:15
363,522,5,250.30,75.60,150,2025-04-16T13:42:15
364,579,6,389.16,141.66,151,2026-03-27T14:23:35
365,513,6,242.34,54.18,151,2026-03-27T14:23:35
366,518,3,246.18,59.79,152,2025-05-24T10:14:31
367,571,2,54.32,10.70,152,2025-05-24T10:14:31
368,600,5,265.00,79.90,152,2025-05-24T10:14:31
369,539,6,42.90,15.00,152,2025-05-24T10:14:31
370,531,6,218.04,67.44,153,2025-07-30T17:25:31
371,582,4,143.48,32.76,153,2025-07-30T17:25:31
372,573,3,239.13,49.35,154,2025-03-14T17:37:01
373,503,4,325.44,108.72,155,2026-03-07T14:39:07
374,506,5,52.00,12.10,155,2026-03-07T14:39:07
375,555,6,372.06,124.08,156,2025-03-03T15:14:41
376,569,6,223.08,68.76,156,2025-03-03T15:14:41
377,511,5,86.05,16.95,156,2025-03-03T15:14:41
378,598,5,155.70,46.30,157,2026-06-08T11:41:56
379,590,6,356.88,68.94,157,2026-06-08T11:41:56
380,559,2,23.80,6.36,158,2026-03-24T12:20:39
381,502,1,6.01,1.25,159,2025-02-26T13:37:49
382,567,2,89.42,22.30,159,2025-02-26T13:37:49
383,594,2,129.96,46.10,160,2025-09-23T11:02:22
384,555,1,66.71,12.40,160,2025-09-23T11:02:22
385,574,3,140.73,32.73,160,2025-09-23T11:02:22
386,573,5,169.05,47.30,161,2025-03-20T17:01:55
387,514,2,68.84,15.90,161,2025-03-20T17:01:55
388,595,5,294.65,59.85,161,2025-03-20T17:01:55
389,502,5,26.05,9.15,161,2025-03-20T17:01:55
390,505,3,106.92,22.47,162,2025-09-08T08:50:13
391,584,5,346.25,111.75,162,2025-09-08T08:50:13
392,593,4,91.84,21.08,162,2025-09-08T08:50:13
393,548,3,80.10,15.66,162,2025-09-08T08:50:13
394,506,2,45.70,12.94,163,2025-05-03T17:08:21
395,512,3,200.64,48.57,164,2026-02-15T09:15:17
396,538,5,207.70,52.70,164,2026-02-15T09:15:17
397,532,5,338.80,111.10,164,2026-02-15T09:15:17
398,599,4,137.84,51.60,164,2026-02-15T09:15:17
399,530,2,11.02,2.88,165,2025-07-20T17:56:59
400,502,5,163.55,56.90,165,2025-07-20T17:56:59
401,568,6,379.08,76.14,166,2025-12-10T08:01:35
402,519,2,77.18,28.72,166,2025-12-10T08:01:35
403,530,6,164.34,31.02,166,2025-12-10T08:01:35
404,559,5,190.20,68.30,166,2025-12-10T08:01:35
405,510,5,78.40,26.95,167,2025-03-28T18:34:21
406,551,2,56.66,19.84,168,2025-03-05T15:55:07
407,558,6,429.30,105.30,168,2025-03-05T15:55:07
408,514,2,31.78,10.62,169,2025-10-06T12:15:09
409,569,4,169.12,44.20,170,2025-06-09T09:55:24
410,540,3,246.51,54.60,170,2025-06-09T09:55:24
411,591,1,17.61,5.59,171,2026-04-20T12:49:27
412,546,2,24.60,5.64,172,2025-02-11T11:54:51
413,534,4,184.32,58.16,172,2025-02-11T11:54:51
414,558,2,14.98,3.90,172,2025-02-11T11:54:51
415,518,1,41.96,14.30,173,2026-07-24T18:00:52
416,529,1,5.96,2.06,173,2026-07-24T18:00:52
417,511,3,179.70,66.03,174,2025-05-14T11:36:24
418,510,5,259.45,94.30,174,2025-05-14T11:36:24
419,583,1,84.77,18.61,174,2025-05-14T11:36:24
420,543,4,278.96,55.36,174,2025-05-14T11:36:24
421,593,1,18.44,5.44,175,2025-05-06T08:46:38
422,555,4,178.76,45.88,175,2025-05-06T08:46:38
423,536,2,66.64,24.10,175,2025-05-06T08:46:38
424,579,3,122.04,25.59,175,2025-05-06T08:46:38
425,508,4,151.84,44.04,176,2025-09-09T19:47:00
426,526,1,27.38,5.68,176,2025-09-09T19:47:00
427,581,6,454.62,129.66,176,2025-09-09T19:47:00
428,563,6,202.38,58.44,177,2026-07-11T08:21:19
429,550,3,234.03,65.64,177,2026-07-11T08:21:19
430,529,3,58.17,14.19,177,2026-07-11T08:21:19
431,508,1,76.66,25.74,177,2026-07-11T08:21:19
432,513,5,424.85,159.25,178,2026-04-29T17:38:16
433,595,2,115.10,26.86,178,2026-04-29T17:38:16
434,574,1,66.12,24.44,178,2026-04-29T17:38:16
435,595,2,47.84,11.66,179,2026-02-02T14:27:32
436,591,6,202.20,60.30,179,2026-02-02T14:27:32
437,564,5,404.35,140.45,180,2025-12-27T18:20:01
438,512,5,148.60,41.30,180,2025-12-27T18:20:01
439,579,1,47.12,8.49,181,2025-02-27T12:14:05
440,523,2,139.04,34.50,181,2025-02-27T12:14:05
441,600,2,103.86,37.74,182,2025-11-28T09:05:03
442,551,1,34.89,12.85,183,2025-04-24T17:34:51
443,518,5,65.40,15.70,183,2025-04-24T17:34:51
444,582,2,127.18,34.00,183,2025-04-24T17:34:51
445,579,2,123.14,36.00,184,2026-05-14T19:49:04
446,523,3,68.58,20.43,184,2026-05-14T19:49:04
447,517,4,118.20,37.56,184,2026-05-14T19:49:04
448,579,5,37.95,11.40,185,2025-07-01T08:01:57
449,564,2,112.34,22.56,185,2025-07-01T08:01:57
450,545,2,62.98,12.32,185,2025-07-01T08:01:57
451,512,3,55.29,19.74,185,2025-07-01T08:01:57
452,545,3,65.31,20.82,186,2025-12-10T16:07:50
453,522,1,35.87,11.71,187,2025-09-20T09:58:00
454,562,3,146.04,29.25,188,2026-02-28T16:58:34
455,521,5,285.40,90.60,188,2026-02-28T16:58:34
456,538,4,43.60,15.24,188,2026-02-28T16:58:34
457,510,1,30.50,11.30,188,2026-02-28T16:58:34
458,512,2,127.12,36.78,189,2025-12-17T11:05:48
459,562,3,157.56,47.70,189,2025-12-17T11:05:48
460,522,6,44.88,16.56,189,2025-12-17T11:05:48
461,513,5,380.90,80.55,189,2025-12-17T11:05:48
462,594,4,243.12,78.88,190,2025-12-06T11:44:30
463,531,5,131.10,31.00,190,2025-12-06T11:44:30
464,507,5,244.85,68.10,191,2025-04-09T08:54:12
465,585,3,15.93,3.15,191,2025-04-09T08:54:12
466,504,6,318.12,69.96,191,2025-04-09T08:54:12
467,511,2,37.34,8.90,191,2025-04-09T08:54:12
468,534,4,170.72,61.28,192,2026-04-30T10:06:09
469,548,1,56.35,14.51,192,2026-04-30T10:06:09
470,534,4,138.20,37.20,192,2026-04-30T10:06:09
471,520,2,143.94,42.16,193,2026-03-27T16:27:58
472,545,6,350.40,69.06,193,2026-03-27T16:27:58
473,530,5,190.60,63.15,193,2026-03-27T16:27:58
474,561,5,192.45,55.25,194,2026-07-21T09:06:36
475,511,5,377.65,103.95,194,2026-07-21T09:06:36
476,565,4,308.88,99.72,194,2026-07-21T09:06:36
477,587,5,385.20,131.00,194,2026-07-21T09:06:36
478,528,2,161.84,34.54,195,2025-05-31T10:11:22
479,588,2,30.18,7.98,195,2025-05-31T10:11:22
480,519,4,84.60,29.16,195,2025-05-31T10:11:22
481,509,5,128.15,46.40,195,2025-05-31T10:11:22
482,559,5,155.45,36.55,196,2025-03-31T15:03:54
483,567,1,67.92,20.69,196,2025-03-31T15:03:54
484,573,4,56.00,11.76,196,2025-03-31T15:03:54
485,513,5,258.05,96.25,196,2025-03-31T15:03:54
486,553,3,223.20,79.47,197,2025-04-19T18:14:36
487,536,5,268.60,50.35,198,2025-09-28T14:58:23
488,589,4,66.04,19.92,198,2025-09-28T14:58:23
489,543,4,32.40,11.60,198,2025-09-28T14:58:23
490,535,6,144.06,47.40,198,2025-09-28T14:58:23
491,590,3,89.64,31.26,199,2026-01-17T08:22:05
492,518,6,77.16,27.30,199,2026-01-17T08:22:05
493,542,3,248.82,66.84,199,2026-01-17T08:22:05
494,553,2,80.68,29.26,200,2025-10-03T15:35:13
495,540,1,46.22,9.79,201,2026-05-12T17:24:09
496,568,6,273.24,56.58,201,2026-05-12T17:24:09
497,526,5,36.60,8.00,201,2026-05-12T17:24:09
498,526,4,36.16,9.12,202,2025-03-01T12:32:30
499,588,5,183.80,67.00,203,2025-10-08T14:42:20
500,558,1,24.36,6.77,203,2025-10-08T14:42:20
501,571,2,163.68,45.00,203,2025-10-08T14:42:20
502,534,3,97.62,33.93,203,2025-10-08T14:42:20
503,600,4,35.88,12.60,204,2025-04-03T13:11:22
504,566,6,129.24,40.08,205,2025-08-08T12:01:46
505,588,1,74.17,27.70,205,2025-08-08T12:01:46
506,529,6,113.16,38.52,206,2025-01-10T16:37:50
507,592,3,161.01,59.34,206,2025-01-10T16:37:50
508,539,3,125.16,27.99,207,2025-10-09T15:42:54
509,575,6,279.90,85.32,207,2025-10-09T15:42:54
510,548,1,5.59,2.12,207,2025-10-09T15:42:54
511,539,5,283.95,85.70,207,2025-10-09T15:42:54
512,536,3,252.21,77.70,208,2025-04-21T16:46:11
513,508,2,33.98,11.32,209,2025-09-25T19:56:39
514,518,5,186.65,45.55,209,2025-09-25T19:56:39
515,538,6,42.24,11.82,209,2025-09-25T19:56:39
516,574,4,255.76,75.84,210,2025-09-23T15:37:11
517,588,2,64.90,20.94,210,2025-09-23T15:37:11
518,586,5,280.35,77.15,210,2025-09-23T15:37:11
519,585,3,136.77,47.73,210,2025-09-23T15:37:11
520,593,1,42.66,14.00,211,2026-07-26T11:17:50
521,588,5,330.15,71.50,211,2026-07-26T11:17:50
522,529,3,172.05,38.61,211,2026-07-26T11:17:50
523,516,3,77.52,18.51,212,2025-11-11T15:39:16
524,575,4,37.16,11.40,212,2025-11-11T15:39:16
525,565,5,53.50,19.15,212,2025-11-11T15:39:16
526,518,4,37.28,13.08,213,2025-05-03T14:56:53
527,559,2,64.82,24.46,213,2025-05-03T14:56:53
528,600,2,60.62,19.58,213,2025-05-03T14:56:53
529,508,6,503.58,122.22,214,2025-03-24T16:52:34
530,600,1,41.16,9.13,214,2025-03-24T16:52:34
531,598,2,102.20,21.64,214,2025-03-24T16:52:34
532,562,6,236.10,62.76,215,2025-04-01T10:21:20
533,594,4,21.48,6.16,215,2025-04-01T10:21:20
534,597,3,243.03,87.09,215,2025-04-01T10:21:20
535,581,5,101.25,31.95,215,2025-04-01T10:21:20
536,576,3,45.93,11.79,216,2025-09-12T12:07:08
537,539,3,55.08,18.99,216,2025-09-12T12:07:08
538,568,3,124.41,35.34,216,2025-09-12T12:07:08
539,597,3,254.07,70.65,217,2025-12-12T15:53:40
540,552,2,36.38,13.14,217,2025-12-12T15:53:40
541,503,6,502.74,111.72,218,2025-01-20T12:09:29
542,592,5,226.85,46.40,218,2025-01-20T12:09:29
543,507,5,274.25,81.95,219,2025-02-08T14:49:48
544,507,6,81.90,28.44,219,2025-02-08T14:49:48
545,516,6,85.56,22.98,219,2025-02-08T14:49:48
546,581,6,103.50,33.00,220,2026-07-15T12:36:03
547,585,1,29.09,9.09,220,2026-07-15T12:36:03
548,518,5,133.00,40.05,220,2026-07-15T12:36:03
549,593,4,285.80,57.44,220,2026-07-15T12:36:03
550,600,1,44.82,13.53,221,2025-05-01T13:08:47
551,506,3,183.81,43.95,222,2025-09-27T17:31:24
552,562,5,223.55,49.50,222,2025-09-27T17:31:24
553,574,1,58.73,21.22,223,2025-12-05T12:16:08
554,533,5,55.00,17.85,224,2026-05-21T10:42:54
555,523,3,126.42,25.29,225,2025-08-25T16:18:53
556,587,1,73.18,18.44,225,2025-08-25T16:18:53
557,598,3,117.24,23.82,225,2025-08-25T16:18:53
558,557,6,340.68,83.70,226,2025-02-16T08:10:33
559,548,5,132.30,43.20,226,2025-02-16T08:10:33
560,550,4,148.08,40.16,227,2025-12-17T11:19:44
561,521,1,15.60,5.07,228,2026-05-05T15:40:39
562,573,1,38.28,11.41,228,2026-05-05T15:40:39
563,594,3,161.73,57.00,229,2026-03-25T11:17:59
564,553,2,87.30,24.24,229,2026-03-25T11:17:59
565,541,4,34.72,8.08,229,2026-03-25T11:17:59
566,599,1,61.37,19.37,229,2026-03-25T11:17:59
567,545,4,231.76,53.24,230,2025-08-18T14:09:30
568,561,1,56.47,11.94,231,2026-01-30T10:42:22
569,536,4,122.60,30.20,232,2026-05-23T11:00:39
570,531,5,282.35,73.60,233,2025-02-21T17:13:42
571,558,1,41.73,14.20,233,2025-02-21T17:13:42
572,584,3,43.50,12.15,234,2025-04-01T17:04:26
573,572,1,13.21,3.47,234,2025-04-01T17:04:26
574,578,5,25.05,4.95,234,2025-04-01T17:04:26
575,572,5,280.00,100.25,234,2025-04-01T17:04:26
576,529,3,102.21,19.50,235,2025-07-31T19:54:59
577,577,4,126.24,42.08,235,2025-07-31T19:54:59
578,558,4,249.32,63.00,235,2025-07-31T19:54:59
579,501,1,12.79,3.99,235,2025-07-31T19:54:59
580,506,5,233.80,74.90,236,2025-12-16T14:27:54
581,596,2,88.78,30.58,236,2025-12-16T14:27:54
582,526,6,226.44,52.26,236,2025-12-16T14:27:54
583,592,2,83.12,27.96,237,2025-07-12T10:11:53
584,582,3,40.86,10.74,237,2025-07-12T10:11:53
585,558,6,312.60,104.52,237,2025-07-12T10:11:53
586,518,4,230.72,85.64,237,2025-07-12T10:11:53
587,562,5,399.10,138.80,238,2026-05-26T08:04:44
588,585,6,421.32,84.54,239,2026-06-05T11:13:33
589,550,5,267.45,65.35,239,2026-06-05T11:13:33
590,538,3,110.49,27.45,240,2026-03-05T19:05:11
591,578,4,277.52,57.64,240,2026-03-05T19:05:11
592,528,6,383.70,111.54,241,2026-06-09T13:26:29
593,588,2,43.56,14.06,241,2026-06-09T13:26:29
594,591,3,236.10,48.75,241,2026-06-09T13:26:29
595,562,6,85.38,21.36,242,2025-07-02T17:10:23
596,554,5,253.25,79.40,242,2025-07-02T17:10:23
597,537,6,388.98,135.48,242,2025-07-02T17:10:23
598,508,1,35.47,6.76,243,2026-03-09T08:13:56
599,508,3,179.01,37.47,244,2025-07-24T12:51:36
600,570,6,406.50,89.76,244,2025-07-24T12:51:36
601,572,1,54.29,17.11,245,2025-02-03T14:31:46
602,531,2,128.78,37.64,245,2025-02-03T14:31:46
603,537,5,338.70,115.10,245,2025-02-03T14:31:46
604,550,6,348.96,127.50,245,2025-02-03T14:31:46
605,600,1,64.49,14.23,246,2026-03-03T13:41:30
606,600,5,243.65,73.25,247,2026-03-30T12:06:21
607,523,6,492.84,117.72,247,2026-03-30T12:06:21
608,595,6,65.76,24.48,247,2026-03-30T12:06:21
609,517,1,39.28,11.44,248,2026-06-11T10:10:21
610,543,2,103.44,23.90,248,2026-06-11T10:10:21
611,520,4,247.12,52.12,248,2026-06-11T10:10:21
612,581,3,158.25,52.98,248,2026-06-11T10:10:21
613,529,1,67.72,16.49,249,2025-11-05T16:55:48
614,521,2,93.30,31.46,249,2025-11-05T16:55:48
615,545,4,193.80,50.52,249,2025-11-05T16:55:48
616,597,3,101.58,22.71,250,2025-08-15T11:53:02
617,597,5,237.20,90.00,250,2025-08-15T11:53:02
618,558,6,34.20,10.74,250,2025-08-15T11:53:02
619,515,1,59.60,14.55,251,2025-09-04T19:41:31
620,504,4,102.12,33.16,251,2025-09-04T19:41:31
621,525,4,34.04,12.24,252,2026-06-14T14:49:33
622,522,3,138.33,51.12,252,2026-06-14T14:49:33
623,527,5,238.30,72.75,252,2026-06-14T14:49:33
624,588,6,332.16,73.98,252,2026-06-14T14:49:33
625,595,5,356.50,126.80,253,2026-03-11T09:53:30
626,596,4,226.88,83.48,253,2026-03-11T09:53:30
627,507,6,189.24,37.38,254,2025-06-07T08:25:56
628,574,2,137.08,39.98,254,2025-06-07T08:25:56
629,558,2,155.76,40.74,254,2025-06-07T08:25:56
630,550,6,224.16,54.54,254,2025-06-07T08:25:56
631,596,6,375.72,72.36,255,2025-05-02T17:44:10
632,539,5,67.45,22.75,256,2025-02-16T09:19:17
633,557,5,59.60,19.85,256,2025-02-16T09:19:17
634,561,4,146.44,45.72,256,2025-02-16T09:19:17
635,570,2,129.48,43.94,257,2025-06-10T17:42:41
636,587,3,245.43,51.24,257,2025-06-10T17:42:41
637,551,1,8.34,2.46,258,2026-01-18T08:12:10
638,527,5,244.00,48.05,258,2026-01-18T08:12:10
639,524,6,438.72,91.44,259,2025-12-19T11:51:16
640,515,2,108.70,25.06,259,2025-12-19T11:51:16
641,507,2,117.36,34.44,259,2025-12-19T11:51:16
642,538,5,209.50,60.75,259,2025-12-19T11:51:16
643,543,2,126.10,34.98,260,2025-03-10T12:33:49
644,525,1,27.81,5.39,261,2026-01-01T10:20:02
645,585,3,131.61,32.34,261,2026-01-01T10:20:02
646,555,5,251.75,86.00,262,2025-11-10T18:38:04
647,529,2,10.78,2.48,262,2025-11-10T18:38:04
648,562,2,118.74,29.24,263,2026-03-23T13:02:12
649,563,4,162.52,54.44,263,2026-03-23T13:02:12
650,511,5,68.55,21.20,263,2026-03-23T13:02:12
651,594,3,191.04,58.32,264,2025-10-15T10:32:55
652,581,1,76.37,26.72,264,2025-10-15T10:32:55
653,534,5,110.10,20.65,265,2025-02-01T18:35:34
654,584,5,382.60,110.15,265,2025-02-01T18:35:34
655,599,2,68.54,15.40,265,2025-02-01T18:35:34
656,560,5,318.30,75.80,265,2025-02-01T18:35:34
657,531,4,136.44,24.84,266,2026-05-29T17:17:30
658,573,4,70.96,20.80,267,2025-06-19T17:21:34
659,594,6,448.68,93.90,267,2025-06-19T17:21:34
660,534,2,131.84,29.84,268,2026-05-11T14:31:54
661,547,6,129.24,46.74,269,2026-01-14T12:15:36
662,514,1,8.19,2.54,270,2026-02-02T16:33:00
663,536,6,494.88,151.80,270,2026-02-02T16:33:00
664,523,6,156.42,45.18,270,2026-02-02T16:33:00
665,584,4,229.16,58.00,270,2026-02-02T16:33:00
666,552,4,331.24,74.40,271,2025-03-21T17:24:20
667,562,3,211.14,52.59,271,2025-03-21T17:24:20
668,557,5,27.65,9.85,271,2025-03-21T17:24:20
669,524,5,282.40,62.80,272,2025-06-19T12:11:12
670,593,6,140.58,48.12,273,2025-06-11T14:35:38
671,553,4,87.44,18.56,274,2025-04-27T16:45:56
672,576,1,24.49,5.03,274,2025-04-27T16:45:56
673,574,2,31.56,8.92,274,2025-04-27T16:45:56
674,524,2,18.94,4.38,274,2025-04-27T16:45:56
675,511,6,379.44,130.62,275,2026-06-14T15:22:51
676,577,4,74.60,25.80,276,2025-08-10T16:10:38
677,524,2,137.14,47.18,276,2025-08-10T16:10:38
678,593,5,288.85,67.25,276,2025-08-10T16:10:38
679,576,6,194.46,52.62,276,2025-08-10T16:10:38
680,567,4,62.32,11.44,277,2025-03-12T12:11:01
681,578,5,298.75,103.15,277,2025-03-12T12:11:01
682,577,1,19.19,6.91,277,2025-03-12T12:11:01
683,597,1,75.22,21.53,277,2025-03-12T12:11:01
684,501,6,92.58,27.84,278,2025-05-01T09:41:47
685,548,6,341.64,97.14,278,2025-05-01T09:41:47
686,562,1,60.81,16.16,278,2025-05-01T09:41:47
687,598,4,132.16,45.04,278,2025-05-01T09:41:47
688,511,3,129.51,29.34,279,2025-04-11T15:44:44
689,533,3,158.58,45.78,279,2025-04-11T15:44:44
690,549,5,234.00,66.45,280,2025-07-13T08:05:58
691,575,3,40.59,10.77,281,2025-07-30T13:45:02
692,573,3,77.70,22.32,281,2025-07-30T13:45:02
693,551,3,161.85,61.23,281,2025-07-30T13:45:02
694,562,2,76.12,25.64,281,2025-07-30T13:45:02
695,600,3,252.24,74.55,282,2025-07-03T14:44:22
696,585,6,221.10,45.90,282,2025-07-03T14:44:22
697,590,1,64.83,17.46,282,2025-07-03T14:44:22
698,544,2,26.04,7.34,282,2025-07-03T14:44:22
699,512,2,72.26,22.20,283,2026-07-18T19:10:40
700,511,1,10.13,2.27,284,2025-05-29T16:35:11
701,552,5,40.10,10.30,284,2025-05-29T16:35:11
702,577,5,287.45,68.20,284,2025-05-29T16:35:11
703,582,1,80.66,27.75,284,2025-05-29T16:35:11
704,567,2,146.10,53.50,285,2026-05-22T15:59:28
705,579,5,229.20,73.25,286,2025-10-20T11:32:42
706,512,2,114.80,43.06,287,2025-06-23T08:39:23
707,551,3,202.11,50.64,287,2025-06-23T08:39:23
708,595,4,207.56,58.84,287,2025-06-23T08:39:23
709,545,6,428.28,155.46,288,2025-03-12T09:38:29
710,578,3,246.18,57.93,288,2025-03-12T09:38:29
711,501,2,82.76,21.58,288,2025-03-12T09:38:29
712,538,5,67.60,13.15,289,2025-09-25T11:11:11
713,533,3,242.28,82.53,289,2025-09-25T11:11:11
714,589,5,350.25,103.30,289,2025-09-25T11:11:11
715,599,4,329.12,96.32,289,2025-09-25T11:11:11
716,504,6,251.16,74.70,290,2025-09-07T14:11:00
717,582,4,57.20,11.08,290,2025-09-07T14:11:00
718,541,2,118.30,26.74,290,2025-09-07T14:11:00
719,502,4,325.76,92.28,290,2025-09-07T14:11:00
720,544,1,36.91,12.17,291,2025-09-27T12:31:09
721,541,1,49.36,10.65,291,2025-09-27T12:31:09
722,524,3,67.47,19.89,291,2025-09-27T12:31:09
723,527,2,127.66,45.26,292,2025-07-14T17:05:02
724,580,2,42.44,9.76,292,2025-07-14T17:05:02
725,585,1,78.62,24.78,293,2025-12-31T10:50:23
726,548,5,408.20,142.70,294,2026-05-20T19:10:27
727,566,4,78.52,26.12,295,2025-11-19T16:57:46
728,517,3,110.49,36.48,295,2025-11-19T16:57:46
729,570,1,47.06,12.45,295,2025-11-19T16:57:46
730,559,4,295.32,99.00,296,2025-02-03T17:08:50
731,589,1,60.86,16.55,296,2025-02-03T17:08:50
732,575,1,5.95,1.32,296,2025-02-03T17:08:50
733,534,5,369.75,80.40,297,2025-04-14T13:55:27
734,544,2,53.10,19.74,297,2025-04-14T13:55:27
735,554,3,59.13,15.66,297,2025-04-14T13:55:27
736,574,3,123.18,36.24,298,2026-01-17T14:38:45
737,535,6,139.74,27.96,298,2026-01-17T14:38:45
738,526,2,98.86,34.72,298,2026-01-17T14:38:45
739,561,2,138.00,45.22,298,2026-01-17T14:38:45
740,581,4,63.04,22.60,299,2025-01-10T11:12:54
741,563,5,238.60,58.00,299,2025-01-10T11:12:54
742,507,3,75.24,26.46,299,2025-01-10T11:12:54
743,528,4,51.68,11.00,299,2025-01-10T11:12:54
744,547,4,258.28,59.92,300,2025-09-18T16:40:30
745,587,3,19.77,4.05,301,2026-07-28T18:08:55
746,584,5,104.60,30.90,301,2026-07-28T18:08:55
747,546,5,94.80,31.85,301,2026-07-28T18:08:55
748,579,6,244.50,47.82,302,2025-11-29T17:17:32
749,522,3,126.30,46.89,302,2025-11-29T17:17:32
750,581,6,417.72,103.38,302,2025-11-29T17:17:32
751,510,5,253.65,88.70,302,2025-11-29T17:17:32
752,591,2,60.16,18.68,303,2025-03-23T10:56:56
753,557,3,160.29,41.52,303,2025-03-23T10:56:56
754,558,3,194.49,55.26,303,2025-03-23T10:56:56
755,533,1,15.00,3.40,304,2026-02-28T11:02:45
756,522,6,366.36,71.82,304,2026-02-28T11:02:45
757,507,1,79.94,21.95,305,2026-02-11T09:52:30
758,584,1,26.00,5.49,306,2025-01-27T15:13:38
759,517,2,128.02,34.40,307,2026-02-04T13:37:54
760,505,2,94.28,20.18,307,2026-02-04T13:37:54
761,535,4,332.00,95.64,308,2026-01-01T13:55:12
762,590,5,202.95,75.90,308,2026-01-01T13:55:12
763,581,5,95.80,28.70,308,2026-01-01T13:55:12
764,568,6,335.22,98.16,308,2026-01-01T13:55:12
765,557,4,192.68,65.68,309,2026-07-01T13:38:13
766,539,3,102.78,23.85,309,2026-07-01T13:38:13
767,518,1,5.01,1.72,309,2026-07-01T13:38:13
768,597,5,28.35,10.35,310,2025-12-19T13:13:13
769,538,4,115.88,38.60,310,2025-12-19T13:13:13
770,548,5,117.50,21.30,310,2025-12-19T13:13:13
771,551,2,75.88,22.16,310,2025-12-19T13:13:13
772,581,4,90.60,17.76,311,2025-09-13T10:58:20
773,579,2,92.66,31.50,311,2025-09-13T10:58:20
774,596,6,358.62,84.96,311,2025-09-13T10:58:20
775,509,5,348.50,91.50,311,2025-09-13T10:58:20
776,535,1,55.95,16.98,312,2025-07-06T10:29:13
777,503,6,328.92,71.58,312,2025-07-06T10:29:13
778,524,2,17.94,5.14,312,2025-07-06T10:29:13
779,530,2,124.44,40.50,313,2025-04-15T13:08:08
780,544,1,17.05,4.75,313,2025-04-15T13:08:08
781,548,4,119.72,40.68,313,2025-04-15T13:08:08
782,508,1,72.48,26.84,314,2026-04-20T08:34:39
783,561,3,201.15,39.09,314,2026-04-20T08:34:39
784,549,2,40.76,14.20,314,2026-04-20T08:34:39
785,595,4,266.80,71.68,315,2025-01-13T10:13:12
786,513,1,20.93,6.85,315,2025-01-13T10:13:12
787,542,4,238.08,57.72,316,2026-06-18T11:47:40
788,571,2,110.66,20.86,316,2026-06-18T11:47:40
789,539,5,73.85,20.40,316,2026-06-18T11:47:40
790,586,2,67.66,12.88,316,2026-06-18T11:47:40
791,536,6,238.38,43.62,317,2025-08-12T10:03:20
792,502,5,72.85,24.60,317,2025-08-12T10:03:20
793,512,6,316.20,80.40,318,2025-02-13T18:34:41
794,580,2,35.24,6.98,318,2025-02-13T18:34:41
795,581,3,238.41,90.45,318,2025-02-13T18:34:41
796,590,1,9.78,3.02,318,2025-02-13T18:34:41
797,583,4,94.44,35.56,319,2026-07-04T09:57:18
798,525,3,208.32,55.77,319,2026-07-04T09:57:18
799,563,6,94.68,34.08,320,2025-01-22T14:52:37
800,590,6,240.00,57.36,320,2025-01-22T14:52:37
801,545,4,80.72,17.56,320,2025-01-22T14:52:37
802,509,5,390.80,113.70,321,2025-11-28T16:31:36
803,534,5,87.00,20.80,321,2025-11-28T16:31:36
804,582,5,171.85,30.95,321,2025-11-28T16:31:36
805,580,1,54.58,13.80,322,2026-06-03T14:54:00
806,569,2,61.32,11.82,322,2026-06-03T14:54:00
807,553,5,86.65,20.50,323,2026-02-01T11:27:23
808,585,6,184.56,36.78,323,2026-02-01T11:27:23
809,523,1,8.50,3.12,323,2026-02-01T11:27:23
810,513,1,21.17,5.87,323,2026-02-01T11:27:23
811,576,6,265.14,80.82,324,2025-02-02T18:23:41
812,592,3,26.79,6.00,324,2025-02-02T18:23:41
813,584,1,6.05,2.20,324,2025-02-02T18:23:41
814,560,4,317.08,109.84,324,2025-02-02T18:23:41
815,579,3,205.62,39.42,325,2025-03-04T14:34:13
816,539,3,141.96,46.41,325,2025-03-04T14:34:13
817,513,1,80.57,29.98,325,2025-03-04T14:34:13
818,525,1,63.01,18.04,325,2025-03-04T14:34:13
819,596,5,275.15,59.35,326,2025-07-17T17:34:44
820,582,5,191.05,38.40,326,2025-07-17T17:34:44
821,552,1,18.34,3.96,327,2026-01-02T16:21:02
822,577,5,160.00,33.85,327,2026-01-02T16:21:02
823,571,4,318.72,114.88,327,2026-01-02T16:21:02
824,582,3,217.77,57.15,327,2026-01-02T16:21:02
825,571,5,243.25,62.05,328,2026-03-17T13:53:17
826,558,6,151.98,56.58,328,2026-03-17T13:53:17
827,539,3,157.98,44.79,329,2026-02-11T08:00:12
828,589,2,146.92,27.08,330,2025-01-07T13:28:02
829,574,3,235.59,66.51,330,2025-01-07T13:28:02
830,547,4,133.80,27.80,331,2025-06-08T09:42:59
831,528,3,37.05,9.63,332,2025-09-13T12:14:29
832,562,6,67.08,16.44,332,2025-09-13T12:14:29
833,590,2,88.12,31.70,332,2025-09-13T12:14:29
834,511,1,63.46,18.74,333,2025-04-08T18:50:09
835,556,1,78.75,19.44,333,2025-04-08T18:50:09
836,599,4,317.68,64.84,333,2025-04-08T18:50:09
837,540,6,403.14,103.38,334,2025-08-21T19:53:00
838,590,5,250.95,61.55,335,2026-06-21T08:44:58
839,551,2,34.52,10.86,335,2026-06-21T08:44:58
840,512,4,260.92,77.00,335,2026-06-21T08:44:58
841,561,4,67.36,16.64,336,2025-08-16T15:51:47
842,534,5,323.15,93.60,336,2025-08-16T15:51:47
843,590,1,36.88,9.84,336,2025-08-16T15:51:47
844,574,5,104.25,27.00,337,2025-05-14T10:27:18
845,568,2,99.78,37.86,337,2025-05-14T10:27:18
846,556,2,48.78,11.38,337,2025-05-14T10:27:18
847,515,3,179.34,52.95,337,2025-05-14T10:27:18
848,584,3,60.72,15.12,338,2026-02-28T15:42:37
849,545,1,66.57,14.24,338,2026-02-28T15:42:37
850,580,5,353.65,120.45,338,2026-02-28T15:42:37
851,597,2,41.94,10.68,339,2025-05-30T16:01:06
852,537,2,161.84,59.12,340,2025-03-29T10:02:44
853,527,3,123.00,22.71,341,2025-01-15T14:14:56
854,562,5,234.30,54.30,342,2026-07-05T11:51:25
855,590,5,316.95,66.00,342,2026-07-05T11:51:25
856,590,3,55.89,13.23,343,2025-01-19T14:51:21
857,585,6,483.66,93.48,344,2025-10-05T08:57:58
858,547,3,174.12,63.12,344,2025-10-05T08:57:58
859,584,1,6.53,2.31,344,2025-10-05T08:57:58
860,591,4,93.96,24.08,344,2025-10-05T08:57:58
861,565,5,237.60,51.65,345,2025-04-12T13:44:33
862,506,4,199.44,64.32,345,2025-04-12T13:44:33
863,563,2,157.56,37.96,345,2025-04-12T13:44:33
864,588,4,258.20,47.44,345,2025-04-12T13:44:33
865,536,2,169.36,63.64,346,2025-12-27T14:28:10
866,504,1,55.06,19.59,346,2025-12-27T14:28:10
867,544,5,404.65,91.10,346,2025-12-27T14:28:10
868,587,1,63.39,18.01,347,2026-02-07T19:57:32
869,554,5,374.10,118.70,347,2026-02-07T19:57:32
870,543,4,330.56,119.64,348,2025-09-04T18:25:45
871,518,4,193.52,42.84,348,2025-09-04T18:25:45
872,518,3,180.24,64.83,349,2026-07-09T11:40:58
873,519,4,338.60,127.04,349,2026-07-09T11:40:58
874,524,5,238.20,77.15,350,2025-06-11T13:46:47
875,553,3,226.23,59.46,351,2025-11-22T10:38:56
876,524,2,134.66,27.12,352,2025-11-07T16:03:52
877,535,1,66.00,19.96,352,2025-11-07T16:03:52
878,530,5,251.80,56.95,352,2025-11-07T16:03:52
879,565,1,60.05,16.53,353,2025-08-25T08:28:29
880,524,5,212.50,65.85,353,2025-08-25T08:28:29
881,525,4,177.28,36.80,353,2025-08-25T08:28:29
882,529,1,79.03,29.24,354,2025-08-20T08:35:12
883,527,6,352.26,77.70,354,2025-08-20T08:35:12
884,557,1,19.17,7.11,354,2025-08-20T08:35:12
885,559,5,221.00,54.15,354,2025-08-20T08:35:12
886,593,1,53.63,18.50,355,2025-09-10T15:47:00
887,574,3,109.59,40.32,355,2025-09-10T15:47:00
888,591,5,239.45,73.80,355,2025-09-10T15:47:00
889,506,1,46.65,12.61,355,2025-09-10T15:47:00
890,598,6,48.84,12.60,356,2025-09-09T17:26:33
891,557,6,492.06,107.28,356,2025-09-09T17:26:33
892,537,4,303.00,101.44,356,2025-09-09T17:26:33
893,507,4,73.28,17.52,356,2025-09-09T17:26:33
894,515,6,246.84,80.10,357,2026-06-14T10:35:21
895,590,2,134.60,49.48,357,2026-06-14T10:35:21
896,558,5,79.10,20.80,357,2026-06-14T10:35:21
897,592,1,19.31,5.76,357,2026-06-14T10:35:21
898,592,3,92.79,28.74,358,2025-07-26T16:16:38
899,511,1,61.50,18.87,359,2025-06-17T10:14:56
900,522,4,196.12,37.04,360,2026-06-21T14:59:31
901,520,3,150.72,47.01,360,2026-06-21T14:59:31
902,594,6,54.60,13.20,361,2025-06-16T10:37:56
903,517,4,112.40,24.28,361,2025-06-16T10:37:56
904,570,1,41.69,14.64,362,2025-07-27T08:03:51
905,528,1,53.64,14.95,362,2025-07-27T08:03:51
906,557,5,288.80,78.20,362,2025-07-27T08:03:51
907,581,2,151.14,35.62,363,2025-03-23T18:56:41
908,505,2,33.72,10.48,364,2026-07-25T11:46:47
909,554,3,235.89,44.76,365,2025-05-29T08:35:25
910,585,2,35.82,8.48,365,2025-05-29T08:35:25
911,572,6,365.94,107.76,365,2025-05-29T08:35:25
912,548,1,12.45,2.99,366,2025-07-01T16:17:21
913,571,4,282.48,93.68,366,2025-07-01T16:17:21
914,589,1,28.43,5.88,366,2025-07-01T16:17:21
915,508,5,108.95,24.15,367,2025-10-09T13:59:35
916,568,1,50.71,19.06,367,2025-10-09T13:59:35
917,591,1,43.69,13.88,367,2025-10-09T13:59:35
918,534,3,117.48,41.07,367,2025-10-09T13:59:35
919,594,2,108.28,30.24,368,2026-06-23T18:28:12
920,579,6,268.92,91.86,368,2026-06-23T18:28:12
921,501,2,123.38,46.38,368,2026-06-23T18:28:12
922,527,6,412.44,135.06,369,2025-05-02T08:26:11
923,543,5,424.60,111.60,369,2025-05-02T08:26:11
924,502,3,149.49,45.96,369,2025-05-02T08:26:11
925,509,6,126.54,29.88,369,2025-05-02T08:26:11
926,551,1,14.11,3.48,370,2025-11-12T13:27:59
927,523,6,303.06,112.74,370,2025-11-12T13:27:59
928,587,2,62.88,15.56,370,2025-11-12T13:27:59
929,559,6,95.16,20.10,371,2026-05-06T16:38:16
930,567,4,316.88,60.60,372,2026-07-04T14:06:01
931,572,3,150.60,47.55,372,2026-07-04T14:06:01
932,543,5,32.50,9.60,372,2026-07-04T14:06:01
933,504,3,30.90,6.48,372,2026-07-04T14:06:01
934,515,5,267.30,58.15,373,2025-12-14T14:49:51
935,505,3,184.26,44.76,373,2025-12-14T14:49:51
936,539,4,300.64,76.44,374,2025-10-06T15:32:03
937,600,2,27.96,9.42,375,2025-08-10T17:33:32
938,504,2,156.14,41.96,375,2025-08-10T17:33:32
939,544,4,309.60,65.28,375,2025-08-10T17:33:32
940,567,3,49.38,17.49,376,2026-05-11T17:31:56
941,505,6,506.52,111.96,376,2026-05-11T17:31:56
942,515,4,144.04,50.84,376,2026-05-11T17:31:56
943,543,6,437.10,154.92,377,2025-01-05T13:39:40
944,503,5,331.45,109.10,378,2026-04-24T08:50:23
945,569,3,63.12,14.97,379,2025-11-16T19:37:47
946,535,3,200.46,63.00,379,2025-11-16T19:37:47
947,566,1,6.22,1.89,380,2025-06-02T10:52:01
948,541,1,21.53,5.38,380,2025-06-02T10:52:01
949,537,3,48.96,15.72,380,2025-06-02T10:52:01
950,557,3,162.18,40.17,381,2025-09-08T11:07:04
951,550,4,309.04,58.76,382,2025-02-21T10:22:04
952,576,4,77.28,23.12,383,2025-02-25T09:34:03
953,579,6,431.34,138.00,383,2025-02-25T09:34:03
954,592,3,90.00,30.90,383,2025-02-25T09:34:03
955,597,6,418.44,81.90,383,2025-02-25T09:34:03
956,560,1,70.03,25.49,384,2026-04-22T18:20:10
957,591,1,41.45,13.14,384,2026-04-22T18:20:10
958,534,2,33.00,11.86,385,2026-04-22T16:33:57
959,586,3,109.11,34.92,385,2026-04-22T16:33:57
960,545,4,29.68,8.16,386,2025-12-05T13:54:43
961,599,4,167.60,35.88,386,2025-12-05T13:54:43
962,514,3,160.08,32.88,386,2025-12-05T13:54:43
963,542,4,281.60,95.56,386,2025-12-05T13:54:43
964,553,3,142.86,37.17,387,2026-07-24T19:49:22
965,509,5,88.60,24.50,388,2025-09-02T19:18:09
966,556,3,64.98,20.73,388,2025-09-02T19:18:09
967,586,5,302.65,64.95,389,2026-03-22T18:19:32
968,563,1,64.15,20.68,389,2026-03-22T18:19:32
969,572,1,52.37,14.28,389,2026-03-22T18:19:32
970,514,3,244.41,47.40,390,2025-04-10T16:06:17
971,549,6,420.78,140.64,390,2025-04-10T16:06:17
972,575,1,22.41,4.66,391,2025-12-02T16:59:54
973,574,4,190.00,49.00,392,2025-01-01T10:40:15
974,541,4,82.60,26.12,392,2025-01-01T10:40:15
975,512,4,249.68,90.64,393,2025-11-03T18:22:53
976,552,5,28.25,10.65,393,2025-11-03T18:22:53
977,571,2,146.40,28.18,393,2025-11-03T18:22:53
978,531,1,73.90,26.10,394,2025-02-24T08:00:55
979,541,4,244.72,63.36,394,2025-02-24T08:00:55
980,570,6,213.72,54.78,394,2025-02-24T08:00:55
981,547,2,40.12,10.30,395,2025-08-05T11:09:24
982,586,4,69.36,26.32,395,2025-08-05T11:09:24
983,503,2,31.48,6.12,395,2025-08-05T11:09:24
984,556,2,125.42,34.78,395,2025-08-05T11:09:24
985,590,6,416.88,146.76,396,2025-05-20T09:32:28
986,559,5,397.10,121.00,396,2025-05-20T09:32:28
987,578,4,133.68,29.04,397,2026-06-06T15:43:15
988,531,1,51.24,17.90,397,2026-06-06T15:43:15
989,570,6,270.84,70.98,397,2026-06-06T15:43:15
990,573,5,171.80,64.55,397,2026-06-06T15:43:15
991,519,5,217.60,69.20,398,2026-05-10T14:42:35
992,512,5,56.30,20.15,399,2026-06-24T13:05:12
993,586,2,85.60,28.10,399,2026-06-24T13:05:12
994,575,1,59.73,17.19,399,2026-06-24T13:05:12
995,569,3,162.12,58.47,399,2026-06-24T13:05:12
996,543,5,387.40,114.20,400,2025-01-12T16:32:07
997,538,4,132.92,49.92,400,2025-01-12T16:32:07
998,577,3,55.20,17.61,400,2025-01-12T16:32:07
999,534,6,175.98,59.28,400,2025-01-12T16:32:07
1000,538,5,92.65,17.65,401,2025-03-04T19:27:21
1001,511,6,329.70,78.24,401,2025-03-04T19:27:21
1002,536,2,90.90,31.84,401,2025-03-04T19:27:21
1003,533,3,46.80,11.04,401,2025-03-04T19:27:21
1004,548,5,320.60,99.95,402,2025-01-15T10:01:50
1005,563,2,51.80,16.58,402,2025-01-15T10:01:50
1006,577,3,251.19,93.81,403,2025-07-05T17:36:02
1007,582,4,96.16,25.76,404,2025-06-07T17:01:42
1008,545,2,43.74,14.30,404,2025-06-07T17:01:42
1009,515,1,56.38,18.67,404,2025-06-07T17:01:42
1010,539,1,18.41,4.78,404,2025-06-07T17:01:42
1011,534,4,238.72,61.60,405,2026-05-03T17:41:39
1012,537,2,94.88,25.32,405,2026-05-03T17:41:39
1013,569,5,298.15,56.10,406,2026-04-05T14:57:15
1014,579,6,199.86,69.72,406,2026-04-05T14:57:15
1015,535,6,442.02,109.20,406,2026-04-05T14:57:15
1016,594,4,267.40,88.20,407,2025-04-11T12:38:54
1017,544,6,312.60,68.46,407,2025-04-11T12:38:54
1018,571,6,361.32,78.06,407,2025-04-11T12:38:54
1019,502,1,58.82,20.37,407,2025-04-11T12:38:54
1020,537,6,244.08,54.66,408,2026-02-26T09:46:42
1021,577,1,54.55,10.44,409,2025-09-15T11:30:53
1022,578,6,489.72,96.60,410,2025-08-11T18:54:41
1023,560,1,60.65,13.99,411,2025-05-14T14:50:38
1024,536,6,479.34,147.54,411,2025-05-14T14:50:38
1025,508,2,134.92,31.76,412,2026-03-14T13:53:14
1026,534,4,144.36,54.76,412,2026-03-14T13:53:14
1027,526,3,57.69,11.19,412,2026-03-14T13:53:14
1028,528,1,16.51,5.51,413,2026-02-07T11:14:54
1029,592,5,282.35,102.35,413,2026-02-07T11:14:54
1030,574,3,39.78,7.74,413,2026-02-07T11:14:54
1031,564,6,150.30,40.44,413,2026-02-07T11:14:54
1032,590,1,58.17,13.57,414,2025-06-02T19:53:06
1033,562,5,308.05,102.95,415,2025-12-04T15:07:26
1034,589,5,115.35,29.65,416,2026-03-23T15:21:10
1035,581,3,178.65,46.47,417,2026-05-09T10:12:23
1036,544,6,73.50,21.06,417,2026-05-09T10:12:23
1037,538,1,72.29,24.01,417,2026-05-09T10:12:23
1038,550,4,231.44,55.48,418,2025-07-27T11:12:54
1039,595,4,47.16,14.44,419,2025-04-20T19:28:48
1040,593,2,32.40,7.08,419,2025-04-20T19:28:48
1041,570,5,120.40,31.05,419,2025-04-20T19:28:48
1042,593,1,7.96,1.52,420,2025-11-12T17:05:47
1043,584,1,37.44,8.32,420,2025-11-12T17:05:47
1044,569,6,281.10,103.44,420,2025-11-12T17:05:47
1045,510,2,128.56,29.14,420,2025-11-12T17:05:47
1046,580,6,39.18,14.16,421,2025-02-07T10:34:39
1047,502,1,24.41,7.56,421,2025-02-07T10:34:39
1048,513,2,111.22,40.14,421,2025-02-07T10:34:39
1049,509,4,215.60,74.84,421,2025-02-07T10:34:39
1050,526,5,344.65,77.25,422,2025-04-19T10:04:42
1051,595,4,127.96,44.44,422,2025-04-19T10:04:42
1052,588,6,222.96,45.54,422,2025-04-19T10:04:42
1053,528,5,243.35,59.45,422,2025-04-19T10:04:42
1054,597,3,30.18,7.08,423,2025-02-16T18:47:48
1055,522,4,73.76,18.72,423,2025-02-16T18:47:48
1056,579,2,26.00,9.08,424,2026-03-26T12:26:07
1057,512,4,45.84,8.32,425,2026-01-21T10:52:18
1058,535,6,90.90,18.96,426,2025-10-18T15:34:37
1059,523,5,205.15,46.75,426,2025-10-18T15:34:37
1060,592,5,301.65,90.25,426,2025-10-18T15:34:37
1061,539,4,215.84,42.64,426,2025-10-18T15:34:37
1062,568,5,119.25,24.25,427,2025-12-23T15:37:25
1063,581,5,228.00,62.20,428,2025-04-08T19:16:01
1064,515,6,129.90,24.78,428,2025-04-08T19:16:01
1065,561,2,119.64,44.72,428,2025-04-08T19:16:01
1066,547,6,472.86,90.24,429,2026-05-25T11:12:35
1067,579,3,65.31,15.03,429,2026-05-25T11:12:35
1068,521,6,55.20,15.84,430,2026-04-10T08:47:18
1069,576,1,76.61,24.84,431,2025-01-30T16:49:48
1070,600,6,354.90,87.00,432,2025-11-30T15:37:43
1071,595,1,31.09,6.21,432,2025-11-30T15:37:43
1072,507,2,21.76,6.46,433,2026-02-27T11:38:24
1073,559,4,66.40,24.28,433,2026-02-27T11:38:24
1074,593,2,71.98,14.92,433,2026-02-27T11:38:24
1075,526,2,111.12,41.68,433,2026-02-27T11:38:24
1076,515,6,302.94,71.52,434,2025-12-10T10:18:56
1077,538,2,131.66,29.48,435,2026-04-22T16:20:53
1078,579,5,87.70,29.70,435,2026-04-22T16:20:53
1079,530,2,102.50,29.78,435,2026-04-22T16:20:53
1080,528,1,37.94,10.79,435,2026-04-22T16:20:53
1081,532,1,63.40,20.75,436,2026-04-30T16:25:27
1082,576,2,62.36,18.46,436,2026-04-30T16:25:27
1083,554,2,156.20,56.18,436,2026-04-30T16:25:27
1084,568,6,398.94,74.52,437,2025-02-15T08:43:45
1085,513,4,173.36,58.88,437,2025-02-15T08:43:45
1086,597,4,178.48,35.08,437,2025-02-15T08:43:45
1087,528,1,60.45,15.80,437,2025-02-15T08:43:45
1088,562,2,113.62,22.52,438,2025-05-16T14:31:28
1089,574,6,176.34,56.52,438,2025-05-16T14:31:28
1090,560,6,310.14,116.40,438,2025-05-16T14:31:28
1091,501,3,165.42,53.07,439,2025-05-22T15:22:45
1092,543,6,63.96,22.92,439,2025-05-22T15:22:45
1093,579,4,260.92,83.40,440,2026-06-28T08:35:43
1094,588,5,255.10,56.50,440,2026-06-28T08:35:43
1095,508,1,54.64,13.50,440,2026-06-28T08:35:43
1096,506,1,35.64,9.73,441,2026-06-12T14:37:34
1097,591,6,298.20,57.66,442,2026-01-10T14:40:14
1098,570,2,32.14,7.94,442,2026-01-10T14:40:14
1099,590,6,480.78,142.32,443,2025-04-27T19:48:55
1100,542,2,130.50,43.34,443,2025-04-27T19:48:55
1101,555,3,230.49,64.71,443,2025-04-27T19:48:55
1102,558,3,28.08,7.14,443,2025-04-27T19:48:55
1103,569,4,247.16,78.00,444,2026-05-13T17:07:43
1104,509,6,483.78,165.36,445,2025-10-27T16:13:40
1105,511,2,152.70,41.46,445,2025-10-27T16:13:40
1106,510,4,307.36,73.04,445,2025-10-27T16:13:40
1107,527,1,60.77,16.97,446,2025-04-22T10:59:58
1108,554,5,405.85,74.90,446,2025-04-22T10:59:58
1109,545,6,289.86,59.82,446,2025-04-22T10:59:58
1110,530,3,60.36,11.13,447,2026-03-07T16:04:48
1111,542,4,205.20,63.84,448,2026-06-17T19:44:09
1112,571,4,209.88,67.04,448,2026-06-17T19:44:09
1113,540,4,166.56,48.88,448,2026-06-17T19:44:09
1114,507,4,139.00,33.04,449,2025-06-25T12:43:59
1115,522,2,66.50,18.04,449,2025-06-25T12:43:59
1116,589,2,165.72,57.64,450,2025-06-14T17:44:42
1117,515,6,411.36,87.30,450,2025-06-14T17:44:42
1118,557,1,84.50,24.92,450,2025-06-14T17:44:42
1119,541,2,100.00,18.70,451,2025-09-24T14:43:46
1120,521,3,50.52,13.62,451,2025-09-24T14:43:46
1121,519,1,37.36,10.46,452,2026-07-01T13:29:23
1122,565,1,82.61,23.89,453,2026-04-15T13:49:45
1123,538,3,170.34,40.74,453,2026-04-15T13:49:45
1124,506,3,180.39,58.86,454,2025-05-31T18:17:23
1125,504,2,118.48,24.10,454,2025-05-31T18:17:23
1126,546,4,217.60,48.76,454,2025-05-31T18:17:23
1127,525,1,31.11,9.38,454,2025-05-31T18:17:23
1128,558,2,13.60,3.92,455,2026-06-24T12:02:38
1129,566,6,352.32,69.60,455,2026-06-24T12:02:38
1130,578,4,82.24,20.04,455,2026-06-24T12:02:38
1131,548,4,67.36,23.64,456,2026-06-08T09:01:13
1132,545,4,139.32,33.00,456,2026-06-08T09:01:13
1133,512,3,249.60,88.56,456,2026-06-08T09:01:13
1134,555,4,112.36,38.32,457,2025-08-09T16:05:12
1135,576,6,460.26,95.70,457,2025-08-09T16:05:12
1136,561,5,59.45,13.15,457,2025-08-09T16:05:12
1137,576,5,419.65,81.10,457,2025-08-09T16:05:12
1138,523,4,224.40,52.64,458,2026-01-20T09:36:36
1139,571,2,39.76,10.20,459,2026-07-24T16:24:45
1140,575,4,33.52,11.56,459,2026-07-24T16:24:45
1141,534,2,14.30,2.58,460,2025-11-08T16:59:41
1142,561,3,244.44,84.78,460,2025-11-08T16:59:41
1143,554,1,57.31,20.55,460,2025-11-08T16:59:41
1144,532,2,88.70,28.16,460,2025-11-08T16:59:41
1145,596,4,338.20,65.40,461,2025-01-30T10:10:22
1146,534,3,154.47,45.27,461,2025-01-30T10:10:22
1147,516,6,359.22,134.64,461,2025-01-30T10:10:22
1148,541,3,54.09,10.38,462,2026-01-18T17:19:48
1149,582,2,18.46,4.66,463,2026-04-18T10:27:59
1150,582,3,26.70,6.36,463,2026-04-18T10:27:59
1151,524,1,46.11,15.37,463,2026-04-18T10:27:59
1152,588,5,154.05,37.45,464,2025-04-07T18:54:00
1153,547,3,80.16,25.62,464,2025-04-07T18:54:00
1154,548,2,12.06,3.42,465,2025-04-09T17:43:43
1155,521,4,151.84,55.28,465,2025-04-09T17:43:43
1156,525,1,22.43,6.30,465,2025-04-09T17:43:43
1157,517,4,167.36,32.68,466,2026-07-27T19:10:01
1158,557,3,180.84,37.59,467,2025-01-18T16:43:45
1159,523,5,234.25,87.60,467,2025-01-18T16:43:45
1160,516,6,176.22,57.96,467,2025-01-18T16:43:45
1161,517,6,138.78,28.44,468,2025-08-16T10:20:35
1162,515,1,38.98,12.96,468,2025-08-16T10:20:35
1163,585,4,33.60,6.76,469,2025-03-21T08:20:32
1164,533,5,262.25,71.80,469,2025-03-21T08:20:32
1165,597,1,10.30,3.23,469,2025-03-21T08:20:32
1166,527,1,67.59,24.60,469,2025-03-21T08:20:32
1167,536,1,12.26,4.28,470,2025-07-24T11:21:49
1168,565,5,164.15,34.80,470,2025-07-24T11:21:49
1169,509,6,324.24,91.08,470,2025-07-24T11:21:49
1170,537,5,111.80,24.40,471,2025-04-12T18:31:28
1171,565,6,77.34,17.22,472,2025-06-25T17:46:41
1172,546,4,235.52,47.44,473,2026-05-02T14:40:16
1173,553,4,155.72,44.04,473,2026-05-02T14:40:16
1174,598,4,55.32,11.48,474,2025-04-26T13:43:16
1175,537,1,31.25,6.35,475,2026-01-05T13:14:52
1176,571,6,498.54,133.98,476,2026-04-13T18:55:47
1177,525,4,113.00,39.68,476,2026-04-13T18:55:47
1178,587,1,76.58,26.07,476,2026-04-13T18:55:47
1179,557,6,265.98,53.46,477,2026-01-12T11:15:50
1180,576,1,16.47,4.28,478,2026-06-20T19:59:18
1181,577,3,249.06,61.71,479,2025-04-15T11:04:17
1182,592,4,252.08,59.40,480,2026-02-18T10:14:05
1183,583,5,262.45,86.95,480,2026-02-18T10:14:05
1184,563,6,319.50,83.34,481,2026-02-14T14:28:57
1185,514,5,136.55,45.55,481,2026-02-14T14:28:57
1186,581,1,25.06,7.00,481,2026-02-14T14:28:57
1187,509,2,14.76,4.84,481,2026-02-14T14:28:57
1188,539,4,213.48,52.40,482,2026-05-26T08:29:13
1189,585,5,274.30,91.10,482,2026-05-26T08:29:13
1190,565,2,56.98,15.94,483,2026-06-17T16:57:36
1191,570,3,145.20,49.65,483,2026-06-17T16:57:36
1192,556,5,32.05,10.65,483,2026-06-17T16:57:36
1193,549,1,35.69,8.67,483,2026-06-17T16:57:36
1194,600,1,19.15,5.97,484,2026-03-30T16:22:04
1195,563,4,63.04,20.36,485,2025-11-07T10:59:17
1196,571,1,50.51,14.05,485,2025-11-07T10:59:17
1197,572,6,288.90,79.14,485,2025-11-07T10:59:17
1198,564,2,91.06,23.52,485,2025-11-07T10:59:17
1199,506,3,91.92,17.07,486,2026-01-22T19:13:51
1200,595,2,143.90,35.94,486,2026-01-22T19:13:51
1201,544,5,35.75,12.80,486,2026-01-22T19:13:51
1202,508,3,253.08,66.39,487,2026-01-25T09:46:19
1203,540,6,147.24,33.42,487,2026-01-25T09:46:19
1204,540,5,59.00,18.75,487,2026-01-25T09:46:19
1205,542,1,32.01,5.89,487,2026-01-25T09:46:19
1206,503,5,230.90,61.00,488,2025-02-08T16:23:26
1207,541,6,255.48,47.10,488,2025-02-08T16:23:26
1208,513,4,202.52,49.52,488,2025-02-08T16:23:26
1209,544,4,52.00,16.40,488,2025-02-08T16:23:26
1210,556,2,108.38,27.38,489,2026-05-24T17:09:09
1211,510,2,89.52,31.28,489,2026-05-24T17:09:09
1212,539,5,110.65,25.80,489,2026-05-24T17:09:09
1213,544,6,435.18,86.58,490,2026-02-16T12:06:43
1214,584,4,87.12,29.56,491,2025-10-07T09:13:28
1215,585,3,136.11,32.67,491,2025-10-07T09:13:28
1216,533,5,150.35,39.50,491,2025-10-07T09:13:28
1217,571,5,231.15,72.65,491,2025-10-07T09:13:28
1218,596,5,224.70,70.15,492,2025-07-04T08:20:19
1219,579,4,105.72,32.52,492,2025-07-04T08:20:19
1220,531,5,105.25,28.70,493,2026-03-21T18:18:21
1221,509,4,121.96,42.20,494,2025-06-04T13:27:58
1222,537,6,127.68,33.54,494,2025-06-04T13:27:58
1223,531,6,107.10,34.02,494,2025-06-04T13:27:58
1224,504,4,96.32,20.24,494,2025-06-04T13:27:58
1225,583,4,199.16,53.24,495,2025-09-09T13:39:11
1226,504,1,21.16,4.96,495,2025-09-09T13:39:11
1227,571,3,204.51,48.18,495,2025-09-09T13:39:11
1228,593,2,113.08,21.30,495,2025-09-09T13:39:11
1229,509,1,30.11,7.21,496,2026-05-13T08:21:44
1230,518,4,321.80,104.52,497,2026-02-21T14:36:58
1231,600,5,290.70,86.05,498,2025-08-30T10:02:15
1232,541,1,24.05,4.92,499,2026-06-22T12:35:02
1233,596,3,214.77,70.32,499,2026-06-22T12:35:02
1234,519,6,143.28,37.92,499,2026-06-22T12:35:02
1235,557,1,19.01,7.11,499,2026-06-22T12:35:02
1236,515,4,190.72,61.00,500,2026-02-23T12:37:46
1237,519,4,238.48,88.88,501,2025-11-21T17:56:05
1238,540,3,129.06,32.73,501,2025-11-21T17:56:05
1239,505,1,56.63,20.45,501,2025-11-21T17:56:05
1240,589,6,347.88,128.10,501,2025-11-21T17:56:05
1241,588,3,168.36,53.91,502,2025-09-03T12:36:19
1242,557,1,47.79,10.86,502,2025-09-03T12:36:19
1243,533,4,22.52,8.40,502,2025-09-03T12:36:19
1244,531,3,36.66,12.63,502,2025-09-03T12:36:19
1245,599,4,222.04,79.04,503,2025-11-01T11:49:47
1246,511,6,225.00,42.00,503,2025-11-01T11:49:47
1247,513,3,187.17,66.51,504,2026-05-19T16:34:33
1248,546,2,121.76,34.24,504,2026-05-19T16:34:33
1249,595,4,212.68,72.88,504,2026-05-19T16:34:33
1250,507,3,123.78,22.95,504,2026-05-19T16:34:33
1251,581,6,95.34,24.78,505,2025-07-08T19:28:17
1252,521,3,90.30,17.73,505,2025-07-08T19:28:17
1253,584,2,92.62,34.64,505,2025-07-08T19:28:17
1254,541,2,145.52,46.16,505,2025-07-08T19:28:17
1255,542,3,56.64,16.92,506,2026-04-08T16:42:30
1256,524,3,62.67,16.47,506,2026-04-08T16:42:30
1257,583,1,80.85,29.48,507,2026-02-07T14:52:08
1258,560,5,275.65,99.60,507,2026-02-07T14:52:08
1259,534,1,37.08,9.86,508,2025-07-23T12:45:56
1260,573,2,24.24,6.14,508,2025-07-23T12:45:56
1261,529,4,284.72,79.40,509,2025-05-01T08:15:25
1262,535,6,127.50,47.10,509,2025-05-01T08:15:25
1263,556,3,194.16,49.80,509,2025-05-01T08:15:25
1264,537,2,106.02,40.18,509,2025-05-01T08:15:25
1265,534,4,273.60,50.84,510,2025-07-13T15:36:55
1266,548,2,108.82,39.34,510,2025-07-13T15:36:55
1267,589,4,62.64,15.32,511,2026-04-15T09:33:38
1268,510,6,233.16,69.84,512,2026-02-12T11:51:47
1269,531,1,49.56,9.44,512,2026-02-12T11:51:47
1270,586,4,310.64,117.84,512,2026-02-12T11:51:47
1271,501,5,308.85,105.60,512,2026-02-12T11:51:47
1272,517,3,249.60,78.45,513,2025-09-17T17:11:05
1273,522,5,41.45,8.95,513,2025-09-17T17:11:05
1274,560,5,222.15,55.05,513,2025-09-17T17:11:05
1275,556,2,24.34,7.84,513,2025-09-17T17:11:05
1276,536,3,25.59,5.25,514,2025-05-26T12:44:25
1277,534,3,162.09,53.85,515,2026-01-05T15:49:46
1278,541,5,150.20,53.85,515,2026-01-05T15:49:46
1279,520,6,507.42,168.84,515,2026-01-05T15:49:46
1280,524,1,20.11,3.84,516,2026-07-24T19:58:04
1281,560,1,42.62,9.07,516,2026-07-24T19:58:04
1282,564,4,57.12,20.52,516,2026-07-24T19:58:04
1283,572,1,40.32,15.23,516,2026-07-24T19:58:04
1284,516,1,72.67,25.68,517,2026-05-12T16:19:59
1285,524,3,37.47,13.26,517,2026-05-12T16:19:59
1286,573,2,129.98,44.78,517,2026-05-12T16:19:59
1287,501,6,311.10,92.28,517,2026-05-12T16:19:59
1288,564,4,314.52,72.08,518,2026-06-23T18:23:27
1289,537,6,75.24,18.48,518,2026-06-23T18:23:27
1290,542,5,396.65,79.80,519,2025-05-05T15:10:32
1291,591,2,14.62,3.98,519,2025-05-05T15:10:32
1292,535,6,260.34,79.56,519,2025-05-05T15:10:32
1293,594,6,328.74,88.98,520,2025-01-06T13:59:49
1294,596,6,165.84,56.34,521,2025-05-13T11:50:52
1295,599,1,36.91,7.96,522,2025-03-14T17:57:38
1296,521,4,48.56,17.00,522,2025-03-14T17:57:38
1297,597,4,269.44,63.84,522,2025-03-14T17:57:38
1298,556,6,103.98,24.90,522,2025-03-14T17:57:38
1299,566,3,174.72,60.51,523,2025-11-14T18:59:11
1300,561,2,88.34,31.54,523,2025-11-14T18:59:11
1301,579,1,65.52,22.42,524,2025-10-02T18:15:00
1302,506,2,79.46,21.08,524,2025-10-02T18:15:00
1303,529,5,161.70,44.10,524,2025-10-02T18:15:00
1304,564,6,359.40,75.84,524,2025-10-02T18:15:00
1305,562,3,127.38,24.96,525,2026-06-24T19:27:38
1306,567,6,463.38,161.40,526,2025-11-04T10:42:19
1307,510,4,114.56,21.72,526,2025-11-04T10:42:19
1308,585,5,194.95,38.75,527,2025-02-16T17:20:47
1309,515,5,57.70,16.20,528,2025-09-17T14:28:15
1310,524,6,347.58,75.06,528,2025-09-17T14:28:15
1311,591,4,34.48,9.08,528,2025-09-17T14:28:15
1312,544,6,246.00,84.00,529,2025-11-01T13:42:54
1313,578,2,43.78,8.56,529,2025-11-01T13:42:54
1314,569,3,224.19,45.12,529,2025-11-01T13:42:54
1315,522,1,5.47,1.11,529,2025-11-01T13:42:54
1316,563,6,493.56,148.26,530,2026-05-04T16:22:37
1317,547,3,163.44,61.26,530,2026-05-04T16:22:37
1318,551,6,353.40,112.38,530,2026-05-04T16:22:37
1319,525,3,36.03,7.47,530,2026-05-04T16:22:37
1320,584,1,21.74,6.73,531,2025-04-25T08:17:21
1321,569,2,79.72,24.34,531,2025-04-25T08:17:21
1322,515,4,67.40,17.80,532,2025-07-15T09:34:02
1323,557,2,154.38,50.60,532,2025-07-15T09:34:02
1324,575,4,170.88,60.16,532,2025-07-15T09:34:02
1325,543,5,356.80,92.20,533,2025-09-06T11:39:54
1326,556,1,13.21,4.62,533,2025-09-06T11:39:54
1327,577,4,291.56,95.48,533,2025-09-06T11:39:54
1328,593,4,147.88,41.80,534,2026-07-22T13:17:36
1329,571,5,32.60,9.65,535,2026-05-15T12:13:18
1330,583,4,57.44,17.48,536,2025-03-07T12:52:33
1331,521,3,122.61,32.76,536,2025-03-07T12:52:33
1332,557,3,189.30,51.84,536,2025-03-07T12:52:33
1333,588,2,91.22,27.14,536,2025-03-07T12:52:33
1334,550,2,151.30,49.12,537,2025-12-14T18:57:39
1335,595,4,286.60,90.16,537,2025-12-14T18:57:39
1336,521,3,206.04,70.05,537,2025-12-14T18:57:39
1337,512,5,107.90,34.35,537,2025-12-14T18:57:39
1338,554,2,35.02,9.76,538,2026-05-10T10:21:00
1339,507,4,117.16,26.00,538,2026-05-10T10:21:00
1340,565,3,177.45,38.13,539,2025-01-19T14:31:53
1341,515,1,69.55,17.22,539,2025-01-19T14:31:53
1342,563,5,115.70,33.85,539,2025-01-19T14:31:53
1343,520,1,66.61,19.41,540,2025-09-22T14:11:43
1344,514,6,449.40,135.18,540,2025-09-22T14:11:43
1345,559,6,54.18,19.98,540,2025-09-22T14:11:43
1346,581,5,41.80,8.40,541,2025-04-24T09:55:39
1347,598,2,126.54,40.70,542,2025-05-01T11:44:20
1348,520,5,224.35,79.45,542,2025-05-01T11:44:20
1349,516,6,204.60,70.32,542,2025-05-01T11:44:20
1350,544,1,24.63,8.42,543,2025-07-26T15:59:37
1351,548,3,136.20,26.85,543,2025-07-26T15:59:37
1352,586,6,392.34,98.94,543,2025-07-26T15:59:37
1353,554,2,34.26,11.32,543,2025-07-26T15:59:37
1354,567,4,313.76,112.84,544,2025-08-22T10:30:43
1355,519,6,203.64,37.86,544,2025-08-22T10:30:43
1356,509,1,62.41,17.69,544,2025-08-22T10:30:43
1357,599,1,32.06,8.35,544,2025-08-22T10:30:43
1358,583,4,262.96,82.04,545,2025-06-18T15:54:07
1359,567,6,500.40,170.04,546,2025-06-04T18:27:34
1360,593,6,366.36,129.96,547,2025-10-30T15:37:59
1361,536,6,180.60,44.94,547,2025-10-30T15:37:59
1362,552,5,269.15,56.35,547,2025-10-30T15:37:59
1363,580,4,226.04,80.80,547,2025-10-30T15:37:59
1364,569,2,150.96,29.72,548,2026-03-29T14:17:06
1365,517,3,108.60,35.16,548,2026-03-29T14:17:06
1366,512,5,421.75,99.85,548,2026-03-29T14:17:06
1367,597,5,245.70,69.85,548,2026-03-29T14:17:06
1368,600,5,262.00,59.80,549,2025-06-13T08:25:34
1369,581,6,58.80,15.00,550,2025-11-08T15:41:45
1370,558,1,65.52,24.13,551,2026-06-04T14:27:10
1371,596,4,128.48,29.20,552,2025-11-02T18:25:15
1372,592,3,86.82,27.21,553,2026-07-01T18:50:29
1373,567,5,293.95,94.90,553,2026-07-01T18:50:29
1374,547,5,257.95,88.90,554,2025-09-11T09:54:56
1375,553,4,51.36,16.56,554,2025-09-11T09:54:56
1376,517,1,12.38,3.28,554,2025-09-11T09:54:56
1377,576,1,34.54,9.85,555,2026-05-03T11:54:36
1378,534,5,232.60,60.25,555,2026-05-03T11:54:36
1379,557,5,224.55,59.45,555,2026-05-03T11:54:36
1380,554,6,476.88,132.54,555,2026-05-03T11:54:36
1381,591,4,247.56,50.96,556,2025-06-16T10:37:39
1382,528,5,370.30,75.40,556,2025-06-16T10:37:39
1383,516,6,105.30,30.72,557,2026-04-12T16:37:01
1384,520,3,152.22,28.62,558,2026-02-23T10:00:30
1385,519,3,87.78,24.33,559,2025-05-01T14:45:44
1386,540,2,135.40,35.80,559,2025-05-01T14:45:44
1387,563,3,66.75,22.95,559,2025-05-01T14:45:44
1388,574,1,74.63,19.67,560,2025-01-03T10:13:36
1389,549,3,150.78,54.30,560,2025-01-03T10:13:36
1390,517,4,287.04,99.52,560,2025-01-03T10:13:36
1391,594,4,233.52,49.00,561,2025-05-22T17:11:20
1392,580,3,36.45,11.13,561,2025-05-22T17:11:20
1393,544,4,143.92,51.80,561,2025-05-22T17:11:20
1394,557,5,43.35,13.60,561,2025-05-22T17:11:20
1395,599,2,123.16,36.26,562,2025-10-12T19:45:30
1396,580,6,298.50,65.22,563,2025-11-13T18:12:48
1397,565,5,233.70,77.15,564,2026-07-09T18:30:04
1398,591,1,27.00,5.97,565,2025-01-20T10:11:22
1399,578,5,202.70,69.20,565,2025-01-20T10:11:22
1400,556,4,295.84,54.64,566,2025-11-25T15:18:52
1401,515,5,151.95,35.15,567,2025-07-04T15:33:13
1402,512,3,49.56,11.46,568,2025-04-12T17:51:46
1403,522,2,59.08,15.44,568,2025-04-12T17:51:46
1404,550,2,14.34,2.74,569,2025-03-02T19:11:10
1405,542,1,30.60,8.03,569,2025-03-02T19:11:10
1406,516,3,105.12,36.33,569,2025-03-02T19:11:10
1407,597,5,259.40,72.25,570,2025-02-23T11:41:14
1408,508,5,179.00,36.35,570,2025-02-23T11:41:14
1409,530,1,43.73,11.44,571,2025-11-22T16:27:42
1410,587,1,26.53,9.89,571,2025-11-22T16:27:42
1411,517,1,24.71,7.19,571,2025-11-22T16:27:42
1412,582,3,151.38,40.74,571,2025-11-22T16:27:42
1413,532,3,144.72,30.93,572,2026-05-28T11:42:13
1414,572,5,406.05,151.15,572,2026-05-28T11:42:13
1415,584,4,327.56,99.64,573,2026-04-08T08:45:38
1416,588,4,107.44,24.72,574,2025-06-21T08:00:35
1417,521,5,361.25,85.35,575,2026-01-25T14:23:50
1418,512,6,286.38,55.56,575,2026-01-25T14:23:50
1419,556,6,297.12,70.08,576,2026-02-09T10:14:19
1420,541,2,107.68,40.00,576,2026-02-09T10:14:19
1421,542,6,247.32,56.70,577,2025-12-17T19:33:46
1422,543,3,65.55,24.36,577,2025-12-17T19:33:46
1423,501,1,78.12,16.15,577,2025-12-17T19:33:46
1424,590,6,113.28,33.00,578,2026-05-03T08:04:40
1425,586,6,342.60,98.58,579,2026-05-16T15:09:01
1426,523,4,284.80,71.64,580,2026-04-01T10:14:48
1427,548,6,502.20,102.90,580,2026-04-01T10:14:48
1428,503,2,81.14,18.20,580,2026-04-01T10:14:48
1429,592,1,70.30,21.44,581,2025-10-15T14:30:50
1430,547,2,47.48,13.24,581,2025-10-15T14:30:50
1431,526,6,369.36,81.96,582,2025-02-07T13:06:39
1432,573,6,220.14,77.94,582,2025-02-07T13:06:39
1433,585,5,222.60,64.65,582,2025-02-07T13:06:39
1434,573,6,301.56,95.46,582,2025-02-07T13:06:39
1435,573,6,61.20,14.22,583,2025-06-29T09:11:23
1436,536,2,150.96,49.18,583,2025-06-29T09:11:23
1437,555,6,298.86,80.94,584,2025-07-16T08:25:15
1438,542,6,353.10,109.44,584,2025-07-16T08:25:15
1439,516,4,290.20,75.84,584,2025-07-16T08:25:15
1440,593,3,139.14,26.25,585,2026-06-15T16:29:38
1441,569,2,17.52,6.38,585,2026-06-15T16:29:38
1442,543,4,121.20,31.32,585,2026-06-15T16:29:38
1443,595,1,75.41,25.76,585,2026-06-15T16:29:38
1444,509,2,41.50,10.20,586,2025-08-20T15:42:55
1445,581,4,278.56,83.16,587,2025-04-10T08:30:26
1446,561,3,216.72,49.71,587,2025-04-10T08:30:26
1447,543,2,163.40,56.62,587,2025-04-10T08:30:26
1448,600,5,342.65,126.35,587,2025-04-10T08:30:26
1449,505,5,74.95,28.10,588,2026-03-26T09:44:29
1450,509,4,120.24,42.04,588,2026-03-26T09:44:29
1451,508,2,19.92,6.78,588,2026-03-26T09:44:29
1452,514,3,161.58,43.05,588,2026-03-26T09:44:29
1453,580,3,218.97,57.00,589,2025-02-27T18:10:51
1454,580,4,142.84,48.44,590,2026-02-25T12:14:37
1455,514,4,185.52,55.20,591,2025-04-14T14:10:57
1456,574,5,340.75,74.55,592,2025-04-16T08:13:25
1457,557,3,116.04,37.71,593,2025-05-10T19:36:10
1458,508,2,48.90,16.60,593,2025-05-10T19:36:10
1459,584,2,59.86,16.00,593,2025-05-10T19:36:10
1460,538,2,85.12,25.60,594,2026-01-02T13:39:54
1461,585,3,247.86,70.29,594,2026-01-02T13:39:54
1462,507,5,352.65,102.95,595,2025-05-29T09:02:36
1463,582,4,130.04,48.80,595,2025-05-29T09:02:36
1464,560,2,116.86,37.28,596,2025-07-26T09:14:42
1465,573,5,301.95,105.80,596,2025-07-26T09:14:42
1466,521,3,162.87,42.96,596,2025-07-26T09:14:42
1467,529,4,90.20,16.32,597,2025-04-18T16:16:13
1468,543,2,86.92,29.00,598,2025-08-24T16:29:34
1469,501,6,210.42,54.72,598,2025-08-24T16:29:34
1470,538,3,22.20,4.50,599,2026-01-07T08:10:48
1471,537,1,83.02,18.25,600,2026-03-27T11:32:20
1472,523,2,45.04,10.46,600,2026-03-27T11:32:20
1473,526,3,218.40,50.07,600,2026-03-27T11:32:20
1474,549,1,6.68,2.11,601,2025-01-23T11:12:19
1475,527,6,407.94,82.50,601,2025-01-23T11:12:19
1476,548,3,124.50,31.62,601,2025-01-23T11:12:19
1477,517,6,61.38,12.84,602,2025-06-25T17:35:32
1478,548,2,40.66,10.40,602,2025-06-25T17:35:32
1479,532,3,158.88,59.64,602,2025-06-25T17:35:32
1480,569,1,66.05,19.65,602,2025-06-25T17:35:32
1481,517,2,18.52,6.28,603,2025-10-29T10:42:16
1482,527,5,412.35,147.30,603,2025-10-29T10:42:16
1483,585,6,69.06,18.96,603,2025-10-29T10:42:16
1484,567,6,390.54,99.54,604,2025-03-08T11:02:52
1485,568,4,77.28,24.92,604,2025-03-08T11:02:52
1486,561,6,261.96,97.20,604,2025-03-08T11:02:52
1487,575,3,154.47,47.52,604,2025-03-08T11:02:52
1488,528,2,82.34,18.68,605,2025-02-07T11:46:19
1489,521,3,117.00,29.88,605,2025-02-07T11:46:19
1490,567,2,130.26,31.14,606,2026-01-19T12:38:00
1491,558,4,183.92,45.48,607,2025-12-27T12:11:24
1492,549,3,208.08,50.64,608,2026-04-24T15:52:24
1493,583,1,19.37,4.39,608,2026-04-24T15:52:24
1494,565,1,33.73,6.63,608,2026-04-24T15:52:24
1495,536,5,243.65,47.65,608,2026-04-24T15:52:24
1496,543,1,33.82,9.78,609,2025-08-22T09:47:29
1497,536,3,193.86,64.68,610,2025-07-21T13:59:37
1498,597,2,122.90,46.66,610,2025-07-21T13:59:37
1499,502,6,385.14,139.62,610,2025-07-21T13:59:37
1500,597,4,322.68,111.12,611,2025-11-03T13:07:51
1501,598,6,35.70,11.10,611,2025-11-03T13:07:51
1502,593,2,148.48,33.48,611,2025-11-03T13:07:51
1503,560,5,259.80,75.50,612,2025-08-03T16:38:12
1504,511,6,420.90,104.46,612,2025-08-03T16:38:12
1505,572,6,230.52,61.74,613,2025-11-17T11:25:10
1506,517,1,34.98,10.34,613,2025-11-17T11:25:10
1507,585,3,241.41,43.92,613,2025-11-17T11:25:10
1508,588,3,96.57,25.47,613,2025-11-17T11:25:10
1509,505,3,155.88,45.75,614,2026-02-18T17:47:12
1510,543,2,34.60,12.82,614,2026-02-18T17:47:12
1511,578,5,276.95,83.25,614,2026-02-18T17:47:12
1512,561,4,40.40,10.40,615,2026-02-05T14:56:30
1513,582,1,31.31,11.66,615,2026-02-05T14:56:30
1514,589,1,58.99,12.71,616,2025-11-08T09:41:50
1515,509,5,220.45,47.90,616,2025-11-08T09:41:50
1516,559,2,56.58,16.12,617,2026-01-31T13:10:00
1517,542,1,34.49,6.28,617,2026-01-31T13:10:00
1518,596,1,15.33,4.04,618,2026-02-25T15:07:11
1519,527,1,36.12,13.03,618,2026-02-25T15:07:11
1520,521,4,281.72,88.16,619,2025-05-14T11:44:39
1521,526,5,255.05,61.75,619,2025-05-14T11:44:39
1522,526,5,311.70,84.70,619,2025-05-14T11:44:39
1523,532,1,70.97,21.36,620,2025-01-08T10:35:51
1524,563,5,156.55,46.00,620,2025-01-08T10:35:51
1525,512,4,168.08,31.56,620,2025-01-08T10:35:51
1526,545,3,170.10,61.89,620,2025-01-08T10:35:51
1527,594,4,99.72,35.88,621,2025-11-01T15:07:10
1528,524,4,166.52,60.32,621,2025-11-01T15:07:10
1529,581,2,151.68,32.10,622,2025-04-08T15:09:51
1530,564,6,378.72,136.50,623,2026-07-05T13:18:49
1531,599,3,33.36,6.72,624,2026-02-26T18:03:49
1532,560,2,50.44,14.18,625,2025-11-30T15:27:56
1533,596,1,10.86,3.46,625,2025-11-30T15:27:56
1534,525,4,141.96,46.72,625,2025-11-30T15:27:56
1535,591,4,32.08,7.40,625,2025-11-30T15:27:56
1536,585,4,167.64,32.96,626,2025-05-20T13:57:17
1537,561,2,124.18,33.22,626,2025-05-20T13:57:17
1538,503,3,216.99,46.47,626,2025-05-20T13:57:17
1539,569,5,65.20,15.55,626,2025-05-20T13:57:17
1540,520,6,396.54,125.10,627,2026-02-05T11:03:59
1541,569,2,124.30,44.56,628,2026-03-28T14:31:07
1542,582,2,80.72,15.30,628,2026-03-28T14:31:07
1543,577,4,240.92,64.76,629,2026-06-20T19:40:09
1544,531,2,158.62,40.44,630,2025-01-05T08:53:09
1545,502,2,24.62,6.50,630,2025-01-05T08:53:09
1546,509,3,211.92,66.96,630,2025-01-05T08:53:09
1547,586,2,163.40,32.56,630,2025-01-05T08:53:09
1548,542,4,184.00,63.12,631,2025-06-21T11:02:27
1549,555,5,107.85,31.10,632,2026-07-30T19:24:37
1550,542,1,23.59,4.75,632,2026-07-30T19:24:37
1551,559,6,181.80,46.86,633,2025-06-27T08:16:22
1552,584,2,20.56,7.06,633,2025-06-27T08:16:22
1553,528,5,172.60,33.40,633,2025-06-27T08:16:22
1554,514,4,116.48,34.92,633,2025-06-27T08:16:22
1555,581,3,245.16,73.53,634,2026-07-04T18:21:43
1556,599,6,216.54,79.02,634,2026-07-04T18:21:43
1557,586,6,395.64,125.64,635,2025-05-17T14:02:41
1558,575,4,41.60,7.64,635,2025-05-17T14:02:41
1559,530,5,260.00,98.20,636,2026-04-05T14:57:39
1560,540,1,54.31,19.52,636,2026-04-05T14:57:39
1561,564,5,56.75,11.80,637,2025-08-31T15:48:02
1562,583,3,63.48,16.20,637,2025-08-31T15:48:02
1563,541,6,451.14,93.30,638,2025-02-08T12:20:01
1564,554,6,407.76,76.62,638,2025-02-08T12:20:01
1565,530,6,420.12,138.66,638,2025-02-08T12:20:01
1566,570,6,189.00,43.20,638,2025-02-08T12:20:01
1567,524,5,374.10,106.35,639,2025-02-25T12:31:15
1568,563,4,221.52,42.72,639,2025-02-25T12:31:15
1569,517,6,506.16,186.12,640,2025-03-13T11:30:13
1570,560,2,91.18,24.18,641,2025-04-04T11:09:42
1571,555,3,54.39,11.94,641,2025-04-04T11:09:42
1572,582,3,83.49,22.50,642,2025-06-30T19:01:45
1573,511,2,53.50,17.98,642,2025-06-30T19:01:45
1574,579,2,85.32,22.58,643,2026-01-04T15:14:59
1575,562,6,238.02,50.28,643,2026-01-04T15:14:59
1576,511,1,65.95,17.51,643,2026-01-04T15:14:59
1577,594,3,157.83,33.24,643,2026-01-04T15:14:59
1578,572,4,117.88,27.88,644,2025-06-29T12:41:01
1579,592,5,217.35,53.60,644,2025-06-29T12:41:01
1580,501,4,82.64,30.00,644,2025-06-29T12:41:01
1581,548,1,73.93,24.11,644,2025-06-29T12:41:01
1582,563,4,330.56,84.16,645,2026-05-19T15:21:52
1583,553,3,168.84,50.25,645,2026-05-19T15:21:52
1584,573,1,84.40,17.29,645,2026-05-19T15:21:52
1585,533,2,41.08,10.98,645,2026-05-19T15:21:52
1586,584,6,360.48,115.08,646,2025-12-23T17:16:37
1587,532,4,316.48,103.52,646,2025-12-23T17:16:37
1588,581,4,31.04,10.64,646,2025-12-23T17:16:37
1589,583,6,354.66,113.34,646,2025-12-23T17:16:37
1590,575,6,100.74,23.10,647,2025-06-01T12:45:26
1591,599,6,433.92,79.20,647,2025-06-01T12:45:26
1592,551,1,56.55,20.55,647,2025-06-01T12:45:26
1593,567,6,311.34,112.14,647,2025-06-01T12:45:26
1594,569,4,100.92,24.28,648,2025-07-13T15:41:58
1595,594,6,455.58,135.42,648,2025-07-13T15:41:58
1596,519,6,304.86,103.50,649,2026-02-26T09:37:04
1597,563,6,177.90,67.14,650,2025-10-03T11:48:51
1598,554,1,12.75,4.27,650,2025-10-03T11:48:51
1599,556,5,191.75,45.55,650,2025-10-03T11:48:51
1600,518,2,38.22,8.30,650,2025-10-03T11:48:51
1601,528,5,404.40,109.25,651,2025-07-22T16:51:21
1602,598,2,42.16,13.92,651,2025-07-22T16:51:21
1603,582,4,220.60,67.24,652,2025-07-16T12:43:16
1604,516,2,22.76,4.48,652,2025-07-16T12:43:16
1605,531,3,30.42,5.67,652,2025-07-16T12:43:16
1606,502,4,175.28,58.20,652,2025-07-16T12:43:16
1607,513,6,309.60,116.88,653,2025-03-04T12:50:37
1608,598,4,212.96,80.36,654,2025-08-05T17:30:31
1609,588,3,160.05,39.57,655,2025-09-30T16:50:45
1610,547,3,254.88,87.51,655,2025-09-30T16:50:45
1611,546,6,221.28,66.84,655,2025-09-30T16:50:45
1612,590,3,208.50,37.65,655,2025-09-30T16:50:45
1613,590,5,74.15,21.20,656,2026-02-16T10:31:40
1614,566,5,299.45,106.00,657,2025-09-12T14:42:25
1615,582,4,231.28,41.76,657,2025-09-12T14:42:25
1616,506,3,18.99,4.80,657,2025-09-12T14:42:25
1617,578,6,186.24,50.10,657,2025-09-12T14:42:25
1618,561,3,117.69,43.11,658,2026-05-12T15:17:05
1619,567,5,103.05,21.50,659,2025-04-13T15:00:22
1620,505,5,338.95,109.60,659,2025-04-13T15:00:22
1621,587,2,89.66,17.70,659,2025-04-13T15:00:22
1622,570,4,325.60,90.00,660,2026-07-16T16:29:52
1623,585,2,48.94,10.48,660,2026-07-16T16:29:52
1624,542,6,44.04,16.08,661,2025-04-02T09:55:12
1625,533,4,265.20,59.44,661,2025-04-02T09:55:12
1626,516,6,258.60,92.94,661,2025-04-02T09:55:12
1627,593,6,95.16,27.30,661,2025-04-02T09:55:12
1628,577,2,159.08,53.02,662,2026-05-19T09:38:47
1629,592,1,56.52,14.44,662,2026-05-19T09:38:47
1630,583,6,383.28,98.22,662,2026-05-19T09:38:47
1631,515,2,51.46,12.26,663,2026-07-30T15:57:16
1632,525,1,32.22,9.62,663,2026-07-30T15:57:16
1633,574,2,146.54,54.34,664,2025-04-29T18:25:41
1634,569,6,30.78,5.94,664,2025-04-29T18:25:41
1635,541,2,145.54,54.72,664,2025-04-29T18:25:41
1636,559,1,36.62,10.53,665,2026-01-09T10:17:57
1637,529,3,49.74,18.33,665,2026-01-09T10:17:57
1638,590,5,138.35,45.55,666,2026-05-27T16:17:50
1639,589,1,52.91,12.79,666,2026-05-27T16:17:50
1640,591,6,427.74,119.34,667,2025-05-07T12:58:40
1641,520,4,38.84,13.28,667,2025-05-07T12:58:40
1642,529,6,131.10,42.78,667,2025-05-07T12:58:40
1643,600,6,383.16,139.74,667,2025-05-07T12:58:40
1644,521,3,251.25,78.36,668,2025-07-03T16:52:29
1645,587,1,48.84,12.09,668,2025-07-03T16:52:29
1646,551,4,336.92,111.72,668,2025-07-03T16:52:29
1647,590,1,47.23,11.17,668,2025-07-03T16:52:29
1648,575,1,15.47,5.11,669,2025-07-19T17:58:34
1649,559,1,72.98,23.49,669,2025-07-19T17:58:34
1650,590,6,108.60,22.56,669,2025-07-19T17:58:34
1651,528,4,113.16,23.64,669,2025-07-19T17:58:34
1652,587,3,189.24,55.86,670,2025-07-20T19:51:19
1653,513,6,433.98,158.46,671,2025-06-01T14:51:17
1654,507,3,248.79,53.73,671,2025-06-01T14:51:17
1655,576,1,83.42,25.86,671,2025-06-01T14:51:17
1656,552,4,330.32,100.88,671,2025-06-01T14:51:17
1657,577,2,73.46,17.66,672,2025-09-08T08:37:07
1658,512,6,505.74,158.88,673,2025-06-26T19:53:01
1659,536,4,296.76,92.00,673,2025-06-26T19:53:01
1660,516,6,343.56,87.06,673,2025-06-26T19:53:01
1661,586,1,11.61,3.23,673,2025-06-26T19:53:01
1662,536,5,254.20,74.85,674,2026-06-06T12:05:41
1663,556,4,174.96,54.04,675,2025-04-07T18:47:34
1664,509,3,152.13,30.42,675,2025-04-07T18:47:34
1665,569,6,39.48,11.52,676,2026-07-05T11:21:56
1666,575,5,220.45,62.55,676,2026-07-05T11:21:56
1667,516,5,310.50,104.95,676,2026-07-05T11:21:56
1668,524,2,164.50,59.14,676,2026-07-05T11:21:56
1669,527,3,44.52,9.15,677,2025-07-04T08:05:48
1670,597,6,107.40,31.44,677,2025-07-04T08:05:48
1671,539,1,11.77,2.41,677,2025-07-04T08:05:48
1672,585,3,246.90,52.92,677,2025-07-04T08:05:48
1673,538,1,80.70,22.91,678,2025-01-01T12:31:15
1674,563,6,286.38,59.58,678,2025-01-01T12:31:15
1675,546,6,180.18,65.28,678,2025-01-01T12:31:15
1676,531,6,77.52,26.64,679,2026-07-06T17:17:42
1677,528,1,20.05,4.81,679,2026-07-06T17:17:42
1678,580,5,168.65,34.70,680,2025-05-18T18:57:42
1679,549,4,43.80,10.12,680,2025-05-18T18:57:42
1680,589,1,80.58,25.41,681,2025-06-17T15:16:58
1681,594,2,95.74,18.58,681,2025-06-17T15:16:58
1682,525,3,253.89,81.09,681,2025-06-17T15:16:58
1683,566,6,208.62,64.98,681,2025-06-17T15:16:58
1684,504,3,253.20,67.53,682,2025-06-17T15:38:24
1685,569,5,124.00,29.00,682,2025-06-17T15:38:24
1686,543,1,31.35,6.20,683,2025-04-23T17:58:57
1687,536,3,50.13,17.04,683,2025-04-23T17:58:57
1688,529,1,12.84,4.83,683,2025-04-23T17:58:57
1689,516,4,324.56,109.24,683,2025-04-23T17:58:57
1690,568,5,353.55,98.25,684,2025-06-29T17:35:03
1691,571,3,183.12,64.65,684,2025-06-29T17:35:03
1692,522,3,160.80,57.78,684,2025-06-29T17:35:03
1693,569,3,208.47,65.79,685,2025-11-22T15:05:30
1694,562,5,262.85,92.00,685,2025-11-22T15:05:30
1695,517,6,276.54,58.38,686,2025-05-11T12:42:57
1696,548,1,78.48,24.16,687,2025-05-27T14:53:45
1697,554,6,403.20,127.26,687,2025-05-27T14:53:45
1698,546,6,249.72,66.90,687,2025-05-27T14:53:45
1699,592,3,243.63,69.21,688,2026-04-25T17:08:34
1700,540,2,58.82,20.68,688,2026-04-25T17:08:34
1701,582,4,266.60,93.04,688,2026-04-25T17:08:34
1702,596,1,18.21,3.49,689,2025-03-23T09:23:46
1703,502,3,147.99,41.22,689,2025-03-23T09:23:46
1704,587,4,179.28,56.84,690,2026-03-11T17:15:37
1705,579,5,304.15,79.40,690,2026-03-11T17:15:37
1706,595,6,286.50,71.34,691,2025-07-14T08:07:57
1707,568,6,486.42,167.64,691,2025-07-14T08:07:57
1708,522,6,322.44,97.20,691,2025-07-14T08:07:57
1709,529,6,476.46,158.52,691,2025-07-14T08:07:57
1710,555,2,92.18,34.16,692,2025-06-29T09:22:03
1711,515,4,141.32,36.00,692,2025-06-29T09:22:03
1712,570,3,234.36,53.88,692,2025-06-29T09:22:03
1713,595,4,113.92,25.36,693,2025-05-01T13:16:49
1714,540,6,303.06,67.74,693,2025-05-01T13:16:49
1715,560,6,277.44,99.54,693,2025-05-01T13:16:49
1716,546,1,54.24,13.33,694,2026-05-15T09:02:48
1717,524,1,5.41,1.94,694,2026-05-15T09:02:48
1718,563,4,133.44,26.72,694,2026-05-15T09:02:48
1719,520,4,59.64,16.56,695,2025-07-22T09:32:33
1720,548,6,150.06,41.16,695,2025-07-22T09:32:33
1721,557,2,95.82,22.42,696,2025-11-03T14:38:07
1722,546,6,432.90,91.92,696,2025-11-03T14:38:07
1723,591,6,238.32,60.00,696,2025-11-03T14:38:07
1724,518,2,27.70,6.56,696,2025-11-03T14:38:07
1725,562,1,17.83,3.92,697,2026-02-09T15:39:54
1726,563,6,501.78,102.24,697,2026-02-09T15:39:54
1727,517,5,223.25,70.60,697,2026-02-09T15:39:54
1728,503,2,27.56,5.56,698,2025-11-29T15:16:46
1729,599,2,34.88,9.76,698,2025-11-29T15:16:46
1730,544,6,143.52,45.30,698,2025-11-29T15:16:46
1731,556,4,332.48,108.88,698,2025-11-29T15:16:46
1732,580,4,46.44,12.36,699,2026-05-07T13:16:10
1733,536,2,126.68,27.54,699,2026-05-07T13:16:10
1734,532,1,74.13,28.08,699,2026-05-07T13:16:10
1735,594,6,405.72,81.42,700,2026-03-16T11:36:43
1736,576,5,269.45,58.65,700,2026-03-16T11:36:43
1737,517,6,334.56,75.54,700,2026-03-16T11:36:43
1738,519,4,32.28,12.20,700,2026-03-16T11:36:43
1739,568,1,74.15,18.99,701,2026-03-13T08:19:17
1740,529,3,183.03,68.82,701,2026-03-13T08:19:17
1741,539,1,45.79,14.14,702,2025-12-11T15:45:23
1742,545,1,26.54,6.27,702,2025-12-11T15:45:23
1743,507,6,230.70,56.28,702,2025-12-11T15:45:23
1744,596,2,16.54,3.14,702,2025-12-11T15:45:23
1745,556,4,109.64,33.04,703,2025-11-26T11:51:32
1746,543,2,50.36,14.02,703,2025-11-26T11:51:32
1747,588,3,41.76,13.11,703,2025-11-26T11:51:32
1748,600,3,192.90,48.66,704,2026-07-20T10:22:19
1749,584,5,236.55,60.15,704,2026-07-20T10:22:19
1750,514,3,65.40,16.80,704,2026-07-20T10:22:19
1751,584,1,51.92,18.82,705,2025-05-14T19:27:38
1752,544,1,10.99,3.18,706,2025-07-15T11:30:43
1753,526,3,189.09,71.46,706,2025-07-15T11:30:43
1754,525,5,313.30,59.15,706,2025-07-15T11:30:43
1755,598,4,196.16,45.20,706,2025-07-15T11:30:43
1756,556,4,221.56,45.08,707,2026-07-28T14:19:23
1757,565,1,43.63,12.42,707,2026-07-28T14:19:23
1758,517,1,18.35,4.31,707,2026-07-28T14:19:23
1759,564,6,121.32,41.58,708,2025-10-24T08:49:38
1760,572,2,80.04,22.56,709,2026-06-30T17:20:51
1761,528,2,39.46,8.36,710,2026-02-04T15:17:50
1762,566,5,303.70,108.05,710,2026-02-04T15:17:50
1763,534,4,181.24,58.76,710,2026-02-04T15:17:50
1764,529,6,158.88,32.40,711,2025-11-07T12:00:39
1765,582,1,47.69,11.37,711,2025-11-07T12:00:39
1766,518,2,160.72,37.86,711,2025-11-07T12:00:39
1767,545,2,95.54,17.22,712,2025-10-04T08:56:16
1768,511,6,320.46,81.36,712,2025-10-04T08:56:16
1769,508,4,307.48,73.48,713,2026-07-17T12:48:24
1770,529,6,421.62,145.38,713,2026-07-17T12:48:24
1771,600,1,47.99,18.03,714,2025-10-14T11:13:02
1772,549,5,67.60,22.25,714,2025-10-14T11:13:02
1773,578,6,153.54,46.86,714,2025-10-14T11:13:02
1774,581,2,61.88,13.66,715,2026-07-19T11:45:10
1775,593,4,69.80,15.80,715,2026-07-19T11:45:10
1776,512,4,137.96,49.72,715,2026-07-19T11:45:10
1777,523,4,78.08,16.96,715,2026-07-19T11:45:10
1778,540,6,116.58,27.54,716,2025-07-13T18:22:13
1779,588,2,151.64,52.08,716,2025-07-13T18:22:13
1780,555,5,100.15,20.90,716,2025-07-13T18:22:13
1781,552,2,82.80,25.58,716,2025-07-13T18:22:13
1782,513,6,390.24,71.16,717,2025-04-13T17:35:22
1783,502,4,142.88,28.88,717,2025-04-13T17:35:22
1784,577,1,26.41,9.71,718,2025-02-14T10:24:22
1785,514,1,68.39,12.44,718,2025-02-14T10:24:22
1786,557,2,32.28,10.72,719,2026-07-10T14:09:36
1787,589,4,69.44,13.28,720,2025-06-17T13:35:44
1788,506,3,165.60,33.87,720,2025-06-17T13:35:44
1789,554,1,48.57,9.74,720,2025-06-17T13:35:44
1790,546,1,23.13,5.95,721,2025-05-26T08:01:19
1791,588,6,167.70,61.08,721,2025-05-26T08:01:19
1792,537,2,168.52,37.90,722,2026-01-29T10:02:46
1793,547,3,33.30,8.22,722,2026-01-29T10:02:46
1794,523,1,76.65,23.06,722,2026-01-29T10:02:46
1795,587,4,189.76,56.92,722,2026-01-29T10:02:46
1796,514,5,352.05,87.90,723,2026-03-12T10:44:04
1797,534,3,234.90,73.38,723,2026-03-12T10:44:04
1798,520,6,413.34,139.62,723,2026-03-12T10:44:04
1799,562,4,162.96,55.32,724,2025-05-31T13:49:48
1800,594,1,14.05,3.73,724,2025-05-31T13:49:48
1801,550,3,253.74,54.90,725,2025-10-13T10:38:00
1802,578,4,174.00,65.16,726,2025-12-28T13:48:46
1803,584,6,190.08,64.68,726,2025-12-28T13:48:46
1804,569,2,71.30,20.66,726,2025-12-28T13:48:46
1805,530,5,222.05,63.80,726,2025-12-28T13:48:46
1806,596,5,256.15,81.65,727,2026-01-29T09:31:19
1807,501,2,122.50,27.82,727,2026-01-29T09:31:19
1808,572,2,169.02,31.00,727,2026-01-29T09:31:19
1809,508,4,326.44,118.88,727,2026-01-29T09:31:19
1810,571,3,125.49,43.56,728,2025-12-24T14:34:09
1811,508,4,97.60,33.72,728,2025-12-24T14:34:09
1812,555,4,254.60,81.28,729,2025-05-22T10:08:03
1813,575,3,27.99,5.64,729,2025-05-22T10:08:03
1814,532,1,16.75,3.49,730,2025-03-17T16:40:49
1815,554,1,6.00,2.08,730,2025-03-17T16:40:49
1816,539,6,97.26,27.78,731,2025-06-03T11:19:15
1817,583,4,151.68,37.52,731,2025-06-03T11:19:15
1818,508,6,36.36,7.38,731,2025-06-03T11:19:15
1819,565,6,45.42,15.00,731,2025-06-03T11:19:15
1820,571,4,237.56,84.40,732,2025-06-14T08:11:52
1821,565,6,428.16,155.76,732,2025-06-14T08:11:52
1822,521,3,185.25,49.05,732,2025-06-14T08:11:52
1823,517,3,248.55,70.65,732,2025-06-14T08:11:52
1824,572,2,72.76,25.06,733,2025-08-05T15:17:20
1825,549,3,171.66,44.82,734,2025-03-21T16:31:39
1826,555,2,18.74,4.76,734,2025-03-21T16:31:39
1827,547,2,53.18,10.68,734,2025-03-21T16:31:39
1828,531,5,336.50,83.15,734,2025-03-21T16:31:39
1829,540,1,21.95,4.00,735,2025-10-16T10:57:46
1830,511,6,476.04,108.54,736,2025-07-12T18:02:35
1831,562,5,250.90,73.45,736,2025-07-12T18:02:35
1832,546,1,80.48,14.62,737,2025-02-16T08:52:28
1833,541,3,245.10,68.64,737,2025-02-16T08:52:28
1834,590,4,252.24,94.52,737,2025-02-16T08:52:28
1835,600,6,271.74,76.20,738,2025-04-10T14:01:53
1836,562,2,13.78,4.68,738,2025-04-10T14:01:53
1837,521,5,372.50,69.85,738,2025-04-10T14:01:53
1838,581,2,119.18,23.32,738,2025-04-10T14:01:53
1839,521,6,344.04,114.84,739,2025-04-06T12:12:56
1840,584,5,231.50,75.40,739,2025-04-06T12:12:56
1841,556,2,64.24,16.20,740,2026-06-20T14:12:54
1842,550,1,76.25,25.53,740,2026-06-20T14:12:54
1843,510,2,43.42,13.12,740,2026-06-20T14:12:54
1844,513,2,100.70,38.16,740,2026-06-20T14:12:54
1845,512,5,372.00,126.30,741,2025-01-16T10:35:46
1846,538,4,50.12,12.16,741,2025-01-16T10:35:46
1847,546,2,20.90,6.18,741,2025-01-16T10:35:46
1848,561,6,400.56,92.76,742,2025-04-02T09:17:41
1849,518,3,198.15,53.19,742,2025-04-02T09:17:41
1850,553,1,34.08,8.09,743,2025-05-07T18:21:12
1851,547,5,391.85,80.65,743,2025-05-07T18:21:12
1852,548,5,362.95,134.45,743,2025-05-07T18:21:12
1853,534,1,59.58,16.75,743,2025-05-07T18:21:12
1854,572,6,409.50,131.04,744,2025-02-13T19:17:52
1855,510,3,105.21,30.93,745,2025-01-09T10:48:49
1856,583,6,74.88,20.46,746,2025-08-17T15:04:02
1857,511,5,385.05,105.10,746,2025-08-17T15:04:02
1858,551,2,127.08,46.20,746,2025-08-17T15:04:02
1859,541,4,83.84,20.60,746,2025-08-17T15:04:02
1860,536,2,122.36,33.68,747,2025-12-17T19:00:07
1861,561,4,32.24,6.80,747,2025-12-17T19:00:07
1862,505,2,112.44,27.44,747,2025-12-17T19:00:07
1863,547,5,334.70,64.40,747,2025-12-17T19:00:07
1864,598,1,21.92,4.05,748,2026-03-17T16:37:05
1865,523,6,232.98,53.70,748,2026-03-17T16:37:05
1866,592,3,112.23,26.91,749,2025-03-27T10:34:48
1867,507,6,458.70,99.48,750,2026-04-08T15:38:26
1868,597,1,76.60,20.35,750,2026-04-08T15:38:26
