id,name,opening_time,closing_time,is_open,user_id,cart_id,address_id,created_at,is_active
1,Pharmacie Ibn Sina 1,08:30:00,20:30:00,True,1,1,1,2025-04-08T10:47:06,True
2,Pharmacie Al Salam 2,08:30:00,20:30:00,True,2,2,2,2025-01-01T09:13:14,True
3,Pharmacie Al Salam 3,08:30:00,20:30:00,True,3,3,3,2024-12-21T19:34:26,True
4,Pharmacie Al Anouar 4,08:30:00,20:30:00,False,4,4,4,2025-01-25T20:10:44,True
5,Pharmacie Marrakech 5,08:30:00,20:30:00,True,5,5,5,2025-03-07T20:21:06,True
6,Pharmacie Ibn Sina 6,08:30:00,20:30:00,False,6,6,6,2024-06-28T13:38:16,True
7,Pharmacie Al Shifa 7,08:30:00,20:30:00,False,7,7,7,2024-07-03T16:18:53,True
8,Pharmacie Anfa 8,08:30:00,20:30:00,True,8,8,8,2024-12-03T08:42:14,True
9,Pharmacie Atlas 9,08:30:00,20:30:00,True,9,9,9,2024-02-13T12:29:40,True
10,Pharmacie Al Amal 10,08:30:00,20:30:00,True,10,10,10,2025-06-07T18:17:44,True
11,Pharmacie Ibn Sina 11,08:30:00,20:30:00,True,11,11,11,2024-03-15T14:17:59,True
12,Pharmacie Al Salam 12,08:30:00,20:30:00,True,12,12,12,2025-01-08T08:51:20,True
13,Pharmacie Marrakech 13,08:30:00,20:30:00,True,13,13,13,2024-04-19T19:20:13,True
14,Pharmacie Al Kawtar 14,08:30:00,20:30:00,False,14,14,14,2025-03-09T10:15:47,True
15,Pharmacie Al Salam 15,08:30:00,20:30:00,True,15,15,15,2025-10-13T13:14:08,True
16,Pharmacie Al Salam 16,08:30:00,20:30:00,False,16,16,16,2024-01-28T09:09:40,True
17,Pharmacie Centrale 17,08:30:00,20:30:00,False,17,17,17,2024-07-13T17:29:33,True
18,Pharmacie Atlas 18,08:30:00,20:30:00,True,18,18,18,2024-11-18T20:17:49,True
19,Pharmacie Al Amal 19,08:30:00,20:30:00,True,19,19,19,2025-07-06T15:00:46,True
20,Pharmacie Atlas 20,08:30:00,20:30:00,True,20,20,20,2024-11-10T18:32:38,True
21,Pharmacie Al Anouar 21,08:30:00,20:30:00,True,21,21,21,2025-03-18T20:59:33,True
22,Pharmacie Al Shifa 22,08:30:00,20:30:00,True,22,22,22,2025-01-04T13:56:53,True
23,Pharmacie Atlas 23,08:30:00,20:30:00,True,23,23,23,2024-04-19T09:05:46,True
24,Pharmacie Al Kawtar 24,08:30:00,20:30:00,True,24,24,24,2024-03-22T15:35:10,True
25,Pharmacie Atlas 25,08:30:00,20:30:00,False,25,25,25,2024-09-25T19:44:12,True
26,Pharmacie Atlas 26,08:30:00,20:30:00,False,26,26,26,2025-08-17T15:07:15,True
27,Pharmacie Al Anouar 27,08:30:00,20:30:00,True,27,27,27,2025-01-19T16:14:37,True
28,Pharmacie Al Anouar 28,08:30:00,20:30:00,True,28,28,28,2024-12-21T08:14:04,True
29,Pharmacie Al Shifa 29,08:30:00,20:30:00,True,29,29,29,2024-09-08T12:42:31,True
30,Pharmacie Al Anouar 30,08:30:00,20:30:00,True,30,30,30,2025-04-26T15:51:26,True
31,Pharmacie Al Anouar 31,08:30:00,20:30:00,True,31,31,31,2024-11-14T13:27:26,True
32,Pharmacie Al Kawtar 32,08:30:00,20:30:00,True,32,32,32,2024-01-13T19:21:51,True
33,Pharmacie Ibn Sina 33,08:30:00,20:30:00,True,33,33,33,2024-04-18T15:08:27,True
34,Pharmacie Centrale 34,08:30:00,20:30:00,True,34,34,34,2025-04-28T09:28:51,True
35,Pharmacie Al Salam 35,08:30:00,20:30:00,True,35,35,35,2024-11-18T08:05:59,True
36,Pharmacie Al Anouar 36,08:30:00,20:30:00,True,36,36,36,2025-08-16T11:55:25,True
37,Pharmacie Al Shifa 37,08:30:00,20:30:00,True,37,37,37,2025-01-13T12:59:50,True
38,Pharmacie Al Kawtar 38,08:30:00,20:30:00,True,38,38,38,2025-12-24T20:35:42,True
39,Pharmacie Al Kawtar 39,08:30:00,20:30:00,True,39,39,39,2024-05-07T08:37:47,True
40,Pharmacie Al Salam 40,08:30:00,20:30:00,True,40,40,40,2025-01-02T17:30:32,True
41,Pharmacie Al Salam 41,08:30:00,20:30:00,True,41,41,41,2024-09-03T10:04:38,True
42,Pharmacie Ibn Sina 42,08:30:00,20:30:00,True,42,42,42,2025-02-19T11:37:38,True
43,Pharmacie Al Shifa 43,08:30:00,20:30:00,True,43,43,43,2025-11-19T17:33:20,True
44,Pharmacie Atlas 44,08:30:00,20:30:00,True,44,44,44,2025-04-09T14:08:42,True
45,Pharmacie Atlas 45,08:30:00,20:30:00,False,45,45,45,2025-02-01T15:39:36,True
46,Pharmacie Ibn Sina 46,08:30:00,20:30:00,True,46,46,46,2024-09-09T10:59:22,True
47,Pharmacie Ibn Sina 47,08:30:00,20:30:00,True,47,47,47,2025-05-06T15:53:34,True
48,Pharmacie Atlas 48,08:30:00,20:30:00,True,48,48,48,2025-11-04T10:16:07,True
49,Pharmacie Ibn Sina 49,08:30:00,20:30:00,True,49,49,49,2025-05-20T11:45:21,True
50,Pharmacie Al Anouar 50,08:30:00,20:30:00,True,50,50,50,2025-05-28T08:05:40,True
51,Pharmacie Marrakech 51,08:30:00,20:30:00,True,51,51,51,2024-01-11T20:08:40,True
52,Pharmacie Atlas 52,08:30:00,20:30:00,True,52,52,52,2025-09-23T14:35:00,True
53,Pharmacie Ibn Sina 53,08:30:00,20:30:00,True,53,53,53,2024-09-02T13:37:35,True
54,Pharmacie Centrale 54,08:30:00,20:30:00,False,54,54,54,2024-01-10T13:57:59,True
55,Pharmacie Al Shifa 55,08:30:00,20:30:00,True,55,55,55,2024-11-08T18:06:22,True
56,Pharmacie Al Salam 56,08:30:00,20:30:00,False,56,56,56,2024-04-28T10:51:51,True
57,Pharmacie Centrale 57,08:30:00,20:30:00,False,57,57,57,2024-03-24T13:50:59,True
58,Pharmacie Marrakech 58,08:30:00,20:30:00,True,58,58,58,2025-03-26T19:06:24,True
59,Pharmacie Al Shifa 59,08:30:00,20:30:00,False,59,59,59,2024-04-27T15:22:19,True
60,Pharmacie Al Anouar 60,08:30:00,20:30:00,True,60,60,60,2024-11-07T14:21:17,True
61,Pharmacie Ibn Sina 61,08:30:00,20:30:00,True,61,61,61,2025-11-17T14:43:53,True
62,Pharmacie Al Salam 62,08:30:00,20:30:00,True,62,62,62,2024-02-09T10:37:16,True
63,Pharmacie Al Shifa 63,08:30:00,20:30:00,True,63,63,63,2025-06-24T20:20:27,True
64,Pharmacie Anfa 64,08:30:00,20:30:00,True,64,64,64,2025-10-07T12:02:45,True
65,Pharmacie Marrakech 65,08:30:00,20:30:00,True,65,65,65,2024-06-14T09:42:58,True
66,Pharmacie Al Amal 66,08:30:00,20:30:00,True,66,66,66,2024-12-10T16:19:42,True
67,Pharmacie Marrakech 67,08:30:00,20:30:00,True,67,67,67,2025-12-10T16:08:12,True
68,Pharmacie Marrakech 68,08:30:00,20:30:00,False,68,68,68,2024-10-19T12:25:35,True
69,Pharmacie Al Shifa 69,08:30:00,20:30:00,True,69,69,69,2025-04-14T20:37:38,True
70,Pharmacie Al Amal 70,08:30:00,20:30:00,False,70,70,70,2025-08-22T11:32:30,True
71,Pharmacie Centrale 71,08:30:00,20:30:00,True,71,71,71,2025-09-22T18:39:21,True
72,Pharmacie Ibn Sina 72,08:30:00,20:30:00,True,72,72,72,2025-04-26T11:09:01,True
73,Pharmacie Al Shifa 73,08:30:00,20:30:00,True,73,73,73,2025-10-28T20:04:29,True
74,Pharmacie Marrakech 74,08:30:00,20:30:00,True,74,74,74,2025-08-13T11:09:41,True
75,Pharmacie Al Shifa 75,08:30:00,20:30:00,True,75,75,75,2025-04-06T20:44:33,True
76,Pharmacie Al Kawtar 76,08:30:00,20:30:00,True,76,76,76,2024-02-15T10:51:29,True
77,Pharmacie Al Salam 77,08:30:00,20:30:00,True,77,77,77,2025-10-27T19:57:32,True
78,Pharmacie Marrakech 78,08:30:00,20:30:00,False,78,78,78,2024-12-28T15:28:16,True
79,Pharmacie Al Anouar 79,08:30:00,20:30:00,True,79,79,79,2025-11-08T12:28:04,True
80,Pharmacie Atlas 80,08:30:00,20:30:00,True,80,80,80,2025-06-11T16:05:08,True
81,Pharmacie Centrale 81,08:30:00,20:30:00,True,81,81,81,2025-12-05T19:13:04,True
82,Pharmacie Marrakech 82,08:30:00,20:30:00,False,82,82,82,2025-09-15T14:03:13,True
83,Pharmacie Marrakech 83,08:30:00,20:30:00,False,83,83,83,2024-10-13T15:00:22,True
84,Pharmacie Atlas 84,08:30:00,20:30:00,False,84,84,84,2025-09-24T19:34:51,True
85,Pharmacie Anfa 85,08:30:00,20:30:00,True,85,85,85,2025-04-09T14:31:01,True
86,Pharmacie Marrakech 86,08:30:00,20:30:00,True,86,86,86,2025-12-06T15:58:08,True
87,Pharmacie Anfa 87,08:30:00,20:30:00,True,87,87,87,2025-10-19T18:01:05,True
88,Pharmacie Marrakech 88,08:30:00,20:30:00,True,88,88,88,2025-03-02T12:24:20,True
89,Pharmacie Al Anouar 89,08:30:00,20:30:00,False,89,89,89,2025-06-25T14:17:48,True
90,Pharmacie Marrakech 90,08:30:00,20:30:00,True,90,90,90,2024-08-01T19:34:03,True
91,Pharmacie Al Amal 91,08:30:00,20:30:00,True,91,91,91,2024-11-02T20:01:15,True
92,Pharmacie Al Anouar 92,08:30:00,20:30:00,True,92,92,92,2024-04-05T15:42:07,True
93,Pharmacie Anfa 93,08:30:00,20:30:00,True,93,93,93,2025-12-09T20:23:10,True
94,Pharmacie Anfa 94,08:30:00,20:30:00,True,94,94,94,2024-05-04T17:01:59,True
95,Pharmacie Atlas 95,08:30:00,20:30:00,False,95,95,95,2025-12-07T09:37:44,True
96,Pharmacie Al Anouar 96,08:30:00,20:30:00,True,96,96,96,2025-11-20T20:07:50,True
97,Pharmacie Anfa 97,08:30:00,20:30:00,True,97,97,97,2025-09-14T18:23:04,True
98,Pharmacie Al Salam 98,08:30:00,20:30:00,True,98,98,98,2024-07-27T15:06:27,True
99,Pharmacie Al Amal 99,08:30:00,20:30:00,False,99,99,99,2024-07-06T19:33:41,True
100,Pharmacie Atlas 100,08:30:00,20:30:00,False,100,100,100,2025-07-27T19:37:17,True
101,Pharmacie Al Amal 101,08:30:00,20:30:00,True,101,101,101,2024-05-15T11:48:29,True
102,Pharmacie Anfa 102,08:30:00,20:30:00,False,102,102,102,2025-01-16T13:11:31,True
103,Pharmacie Al Anouar 103,08:30:00,20:30:00,True,103,103,103,2025-06-09T17:44:56,True
104,Pharmacie Atlas 104,08:30:00,20:30:00,True,104,104,104,2024-02-08T19:26:31,True
105,Pharmacie Al Salam 105,08:30:00,20:30:00,True,105,105,105,2025-11-23T15:28:50,True
106,Pharmacie Al Shifa 106,08:30:00,20:30:00,True,106,106,106,2025-04-13T19:15:19,True
107,Pharmacie Anfa 107,08:30:00,20:30:00,True,107,107,107,2025-09-17T13:27:47,True
108,Pharmacie Al Salam 108,08:30:00,20:30:00,True,108,108,108,2025-12-15T12:19:16,True
109,Pharmacie Al Anouar 109,08:30:00,20:30:00,True,109,109,109,2024-06-04T19:34:48,True
110,Pharmacie Centrale 110,08:30:00,20:30:00,True,110,110,110,2024-12-16T12:46:37,True
111,Pharmacie Al Salam 111,08:30:00,20:30:00,True,111,111,111,2024-04-10T11:23:11,True
112,Pharmacie Atlas 112,08:30:00,20:30:00,True,112,112,112,2024-05-02T08:35:18,True
113,Pharmacie Centrale 113,08:30:00,20:30:00,False,113,113,113,2024-01-19T12:30:30,True
114,Pharmacie Al Kawtar 114,08:30:00,20:30:00,True,114,114,114,2024-01-09T15:07:52,True
115,Pharmacie Ibn Sina 115,08:30:00,20:30:00,False,115,115,115,2025-02-19T18:43:03,True
116,Pharmacie Centrale 116,08:30:00,20:30:00,True,116,116,116,2025-02-08T09:35:48,True
117,Pharmacie Marrakech 117,08:30:00,20:30:00,True,117,117,117,2025-08-15T12:55:37,True
118,Pharmacie Marrakech 118,08:30:00,20:30:00,True,118,118,118,2024-10-24T09:48:13,True
119,Pharmacie Al Anouar 119,08:30:00,20:30:00,True,119,119,119,2024-03-08T10:35:04,True
120,Pharmacie Centrale 120,08:30:00,20:30:00,True,120,120,120,2025-08-23T17:30:18,True
121,Pharmacie Al Shifa 121,08:30:00,20:30:00,True,121,121,121,2025-12-10T19:55:29,True
122,Pharmacie Ibn Sina 122,08:30:00,20:30:00,True,122,122,122,2025-11-19T18:51:59,True
123,Pharmacie Al Anouar 123,08:30:00,20:30:00,False,123,123,123,2024-09-08T18:09:58,True
124,Pharmacie Atlas 124,08:30:00,20:30:00,True,124,124,124,2024-01-06T20:19:38,True
125,Pharmacie Anfa 125,08:30:00,20:30:00,True,125,125,125,2025-02-15T19:19:44,True
126,Pharmacie Marrakech 126,08:30:00,20:30:00,True,126,126,126,2025-08-03T17:02:56,True
127,Pharmacie Marrakech 127,08:30:00,20:30:00,True,127,127,127,2025-01-03T11:43:53,True
128,Pharmacie Anfa 128,08:30:00,20:30:00,True,128,128,128,2025-10-02T20:48:11,True
129,Pharmacie Al Kawtar 129,08:30:00,20:30:00,False,129,129,129,2025-03-19T14:40:52,True
130,Pharmacie Al Kawtar 130,08:30:00,20:30:00,True,130,130,130,2025-06-14T13:20:42,True
131,Pharmacie Ibn Sina 131,08:30:00,20:30:00,True,131,131,131,2025-07-23T15:18:42,True
132,Pharmacie Marrakech 132,08:30:00,20:30:00,True,132,132,132,2025-02-11T12:20:07,True
133,Pharmacie Marrakech 133,08:30:00,20:30:00,True,133,133,133,2025-07-02T11:33:23,True
134,Pharmacie Anfa 134,08:30:00,20:30:00,False,134,134,134,2025-01-07T12:35:08,True
135,Pharmacie Atlas 135,08:30:00,20:30:00,False,135,135,135,2025-02-01T18:38:51,True
136,Pharmacie Al Anouar 136,08:30:00,20:30:00,True,136,136,136,2025-09-01T16:26:05,True
137,Pharmacie Al Anouar 137,08:30:00,20:30:00,True,137,137,137,2025-02-21T10:31:59,True
138,Pharmacie Atlas 138,08:30:00,20:30:00,True,138,138,138,2025-08-16T11:29:35,True
139,Pharmacie Centrale 139,08:30:00,20:30:00,False,139,139,139,2024-10-17T19:56:08,True
140,Pharmacie Ibn Sina 140,08:30:00,20:30:00,True,140,140,140,2025-06-26T16:17:52,True
141,Pharmacie Al Shifa 141,08:30:00,20:30:00,True,141,141,141,2025-10-19T18:31:55,True
142,Pharmacie Centrale 142,08:30:00,20:30:00,False,142,142,142,2025-06-11T16:48:34,True
143,Pharmacie Marrakech 143,08:30:00,20:30:00,False,143,143,143,2025-04-23T11:36:24,True
144,Pharmacie Al Anouar 144,08:30:00,20:30:00,False,144,144,144,2024-06-24T15:45:58,True
145,Pharmacie Marrakech 145,08:30:00,20:30:00,False,145,145,145,2024-08-02T10:32:37,True
146,Pharmacie Al Amal 146,08:30:00,20:30:00,True,146,146,146,2025-02-17T15:00:46,True
147,Pharmacie Centrale 147,08:30:00,20:30:00,False,147,147,147,2024-02-16T20:16:21,True
148,Pharmacie Anfa 148,08:30:00,20:30:00,False,148,148,148,2024-06-28T18:54:34,True
149,Pharmacie Marrakech 149,08:30:00,20:30:00,True,149,149,149,2025-09-02T17:04:15,True
150,Pharmacie Atlas 150,08:30:00,20:30:00,True,150,150,150,2024-07-04T20:40:45,True
151,Pharmacie Ibn Sina 151,08:30:00,20:30:00,False,151,151,151,2024-12-10T08:02:20,True
152,Pharmacie Al Shifa 152,08:30:00,20:30:00,True,152,152,152,2025-06-14T10:15:33,True
153,Pharmacie Marrakech 153,08:30:00,20:30:00,True,153,153,153,2024-03-03T17:55:24,True
154,Pharmacie Anfa 154,08:30:00,20:30:00,True,154,154,154,2025-10-05T11:29:40,True
155,Pharmacie Atlas 155,08:30:00,20:30:00,False,155,155,155,2025-11-01T20:29:57,True
156,Pharmacie Atlas 156,08:30:00,20:30:00,True,156,156,156,2024-08-12T17:19:40,True
157,Pharmacie Marrakech 157,08:30:00,20:30:00,True,157,157,157,2025-05-07T14:54:30,True
158,Pharmacie Ibn Sina 158,08:30:00,20:30:00,True,158,158,158,2025-10-12T17:18:44,True
159,Pharmacie Atlas 159,08:30:00,20:30:00,True,159,159,159,2025-05-01T17:55:43,True
160,Pharmacie Al Shifa 160,08:30:00,20:30:00,False,160,160,160,2025-04-20T20:22:14,True
161,Pharmacie Al Anouar 161,08:30:00,20:30:00,True,161,161,161,2024-11-04T18:41:02,True
162,Pharmacie Atlas 162,08:30:00,20:30:00,False,162,162,162,2024-10-12T19:08:05,True
163,Pharmacie Atlas 163,08:30:00,20:30:00,True,163,163,163,2025-03-07T10:50:34,True
164,Pharmacie Al Amal 164,08:30:00,20:30:00,True,164,164,164,2024-05-27T15:51:18,True
165,Pharmacie Al Amal 165,08:30:00,20:30:00,True,165,165,165,2025-02-05T20:14:55,True
166,Pharmacie Marrakech 166,08:30:00,20:30:00,True,166,166,166,2024-07-01T12:34:07,True
167,Pharmacie Al Kawtar 167,08:30:00,20:30:00,True,167,167,167,2025-10-13T18:23:06,True
168,Pharmacie Al Anouar 168,08:30:00,20:30:00,False,168,168,168,2024-10-18T13:58:39,True
169,Pharmacie Al Anouar 169,08:30:00,20:30:00,True,169,169,169,2025-12-10T18:26:07,True
170,Pharmacie Centrale 170,08:30:00,20:30:00,True,170,170,170,2024-05-16T09:06:15,True
171,Pharmacie Al Salam 171,08:30:00,20:30:00,True,171,171,171,2025-08-12T18:47:44,True
172,Pharmacie Al Salam 172,08:30:00,20:30:00,False,172,172,172,2024-07-21T09:53:31,True
173,Pharmacie Anfa 173,08:30:00,20:30:00,False,173,173,173,2025-01-23T13:13:28,True
174,Pharmacie Al Kawtar 174,08:30:00,20:30:00,True,174,174,174,2025-02-22T13:34:57,True
175,Pharmacie Al Amal 175,08:30:00,20:30:00,True,175,175,175,2025-05-07T09:54:52,True
176,Pharmacie Al Kawtar 176,08:30:00,20:30:00,True,176,176,176,2024-11-21T17:01:03,True
177,Pharmacie Al Amal 177,08:30:00,20:30:00,True,177,177,177,2024-10-07T09:53:48,True
178,Pharmacie Al Salam 178,08:30:00,20:30:00,True,178,178,178,2024-04-11T20:09:50,True
179,Pharmacie Anfa 179,08:30:00,20:30:00,True,179,179,179,2025-03-05T16:16:51,True
180,Pharmacie Centrale 180,08:30:00,20:30:00,True,180,180,180,2024-03-01T13:50:50,True
181,Pharmacie Al Anouar 181,08:30:00,20:30:00,True,181,181,181,2024-03-09T08:08:47,True
182,Pharmacie Marrakech 182,08:30:00,20:30:00,True,182,182,182,2024-08-15T20:23:32,True
183,Pharmacie Anfa 183,08:30:00,20:30:00,True,183,183,183,2025-09-08T17:02:46,True
184,Pharmacie Al Salam 184,08:30:00,20:30:00,True,184,184,184,2025-11-01T08:30:54,True
185,Pharmacie Marrakech 185,08:30:00,20:30:00,False,185,185,185,2024-08-23T15:04:57,True
186,Pharmacie Ibn Sina 186,08:30:00,20:30:00,True,186,186,186,2024-02-05T12:39:40,True
187,Pharmacie Anfa 187,08:30:00,20:30:00,True,187,187,187,2025-10-17T12:29:32,True
188,Pharmacie Anfa 188,08:30:00,20:30:00,False,188,188,188,2024-12-04T18:41:56,True
189,Pharmacie Al Salam 189,08:30:00,20:30:00,True,189,189,189,2025-08-08T14:21:52,True
190,Pharmacie Al Kawtar 190,08:30:00,20:30:00,False,190,190,190,2025-12-04T13:27:20,True
191,Pharmacie Atlas 191,08:30:00,20:30:00,True,191,191,191,2024-11-16T09:05:53,True
192,Pharmacie Ibn Sina 192,08:30:00,20:30:00,True,192,192,192,2025-02-24T19:23:51,True
193,Pharmacie Centrale 193,08:30:00,20:30:00,True,193,193,193,2025-11-04T14:22:55,True
194,Pharmacie Marrakech 194,08:30:00,20:30:00,True,194,194,194,2025-10-10T13:06:36,True
195,Pharmacie Al Salam 195,08:30:00,20:30:00,True,195,195,195,2024-11-16T11:54:06,True
196,Pharmacie Al Amal 196,08:30:00,20:30:00,True,196,196,196,2024-05-19T11:51:27,True
197,Pharmacie Al Salam 197,08:30:00,20:30:00,True,197,197,197,2025-01-06T12:44:48,True
198,Pharmacie Atlas 198,08:30:00,20:30:00,True,198,198,198,2025-01-06T10:36:42,True
199,Pharmacie Marrakech 199,08:30:00,20:30:00,True,199,199,199,2024-12-21T08:05:47,True
200,Pharmacie Al Salam 200,08:30:00,20:30:00,True,200,200,200,2025-07-15T13:10:23,True
201,Pharmacie Atlas 201,08:30:00,20:30:00,True,201,201,201,2024-01-05T10:48:39,True
202,Pharmacie Al Shifa 202,08:30:00,20:30:00,True,202,202,202,2025-08-22T14:31:38,True
203,Pharmacie Al Kawtar 203,08:30:00,20:30:00,False,203,203,203,2025-04-25T16:07:22,True
204,Pharmacie Marrakech 204,08:30:00,20:30:00,True,204,204,204,2025-11-22T17:31:33,True
205,Pharmacie Atlas 205,08:30:00,20:30:00,True,205,205,205,2024-07-20T08:00:13,True
206,Pharmacie Atlas 206,08:30:00,20:30:00,True,206,206,206,2024-05-10T13:07:00,True
207,Pharmacie Al Kawtar 207,08:30:00,20:30:00,False,207,207,207,2024-03-13T16:45:14,True
208,Pharmacie Al Salam 208,08:30:00,20:30:00,True,208,208,208,2024-07-28T19:02:27,True
209,Pharmacie Al Shifa 209,08:30:00,20:30:00,False,209,209,209,2024-06-19T14:36:25,True
210,Pharmacie Marrakech 210,08:30:00,20:30:00,True,210,210,210,2024-07-01T13:10:51,True
211,Pharmacie Anfa 211,08:30:00,20:30:00,False,211,211,211,2025-02-14T09:15:27,True
212,Pharmacie Anfa 212,08:30:00,20:30:00,False,212,212,212,2024-07-28T12:47:21,True
213,Pharmacie Al Anouar 213,08:30:00,20:30:00,True,213,213,213,2024-02-17T18:07:33,True
214,Pharmacie Al Salam 214,08:30:00,20:30:00,True,214,214,214,2025-06-24T18:52:09,True
215,Pharmacie Al Anouar 215,08:30:00,20:30:00,True,215,215,215,2024-05-07T10:38:09,True
216,Pharmacie Ibn Sina 216,08:30:00,20:30:00,True,216,216,216,2025-08-25T17:48:37,True
217,Pharmacie Al Kawtar 217,08:30:00,20:30:00,True,217,217,217,2025-03-15T09:30:28,True
218,Pharmacie Atlas 218,08:30:00,20:30:00,True,218,218,218,2024-06-17T09:19:29,True
219,Pharmacie Al Kawtar 219,08:30:00,20:30:00,True,219,219,219,2024-06-27T12:04:41,True
220,Pharmacie Ibn Sina 220,08:30:00,20:30:00,False,220,220,220,2025-10-18T20:47:57,True
221,Pharmacie Al Shifa 221,08:30:00,20:30:00,False,221,221,221,2024-06-20T15:32:09,True
222,Pharmacie Al Shifa 222,08:30:00,20:30:00,False,222,222,222,2024-06-23T09:32:41,True
223,Pharmacie Centrale 223,08:30:00,20:30:00,True,223,223,223,2024-12-15T15:33:33,True
224,Pharmacie Anfa 224,08:30:00,20:30:00,True,224,224,224,2025-06-10T14:26:49,True
225,Pharmacie Al Amal 225,08:30:00,20:30:00,True,225,225,225,2025-02-11T09:35:43,True
226,Pharmacie Marrakech 226,08:30:00,20:30:00,True,226,226,226,2025-12-28T18:58:38,True
227,Pharmacie Centrale 227,08:30:00,20:30:00,True,227,227,227,2024-10-22T10:58:22,True
228,Pharmacie Atlas 228,08:30:00,20:30:00,False,228,228,228,2024-10-23T09:19:35,True
229,Pharmacie Marrakech 229,08:30:00,20:30:00,True,229,229,229,2024-11-23T19:43:58,True
230,Pharmacie Al Salam 230,08:30:00,20:30:00,True,230,230,230,2025-09-12T08:23:19,True
231,Pharmacie Centrale 231,08:30:00,20:30:00,True,231,231,231,2025-08-07T11:08:09,True
232,Pharmacie Ibn Sina 232,08:30:00,20:30:00,True,232,232,232,2024-09-25T16:53:47,True
233,Pharmacie Al Salam 233,08:30:00,20:30:00,True,233,233,233,2025-10-05T17:24:09,True
234,Pharmacie Centrale 234,08:30:00,20:30:00,True,234,234,234,2024-12-15T08:26:23,True
235,Pharmacie Al Anouar 235,08:30:00,20:30:00,False,235,235,235,2025-12-26T15:14:34,True
236,Pharmacie Al Anouar 236,08:30:00,20:30:00,True,236,236,236,2025-04-12T18:36:28,True
237,Pharmacie Al Kawtar 237,08:30:00,20:30:00,True,237,237,237,2025-09-17T14:10:52,True
238,Pharmacie Al Anouar 238,08:30:00,20:30:00,True,238,238,238,2025-01-21T15:55:23,True
239,Pharmacie Al Salam 239,08:30:00,20:30:00,True,239,239,239,2024-05-03T20:10:17,True
240,Pharmacie Al Kawtar 240,08:30:00,20:30:00,True,240,240,240,2025-02-08T15:56:22,True
241,Pharmacie Al Shifa 241,08:30:00,20:30:00,False,241,241,241,2024-07-17T13:15:24,True
242,Pharmacie Ibn Sina 242,08:30:00,20:30:00,True,242,242,242,2024-01-11T09:53:45,True
243,Pharmacie Al Amal 243,08:30:00,20:30:00,True,243,243,243,2024-01-10T15:44:53,True
244,Pharmacie Centrale 244,08:30:00,20:30:00,False,244,244,244,2025-10-01T09:01:16,True
245,Pharmacie Al Anouar 245,08:30:00,20:30:00,True,245,245,245,2025-02-25T12:15:19,True
246,Pharmacie Ibn Sina 246,08:30:00,20:30:00,True,246,246,246,2024-07-21T20:39:29,True
247,Pharmacie Ibn Sina 247,08:30:00,20:30:00,True,247,247,247,2025-10-18T08:40:32,True
248,Pharmacie Anfa 248,08:30:00,20:30:00,True,248,248,248,2024-05-14T08:39:22,True
249,Pharmacie Al Anouar 249,08:30:00,20:30:00,False,249,249,249,2024-11-22T09:33:23,True
250,Pharmacie Ibn Sina 250,08:30:00,20:30:00,True,250,250,250,2025-08-02T18:24:23,True
251,Pharmacie Atlas 251,08:30:00,20:30:00,True,251,251,251,2025-02-12T11:46:42,True
252,Pharmacie Ibn Sina 252,08:30:00,20:30:00,True,252,252,252,2024-01-12T16:21:52,True
253,Pharmacie Centrale 253,08:30:00,20:30:00,False,253,253,253,2025-11-06T20:08:04,True
254,Pharmacie Al Kawtar 254,08:30:00,20:30:00,True,254,254,254,2025-04-02T20:12:56,True
255,Pharmacie Al Shifa 255,08:30:00,20:30:00,True,255,255,255,2025-09-13T16:30:16,True
256,Pharmacie Al Shifa 256,08:30:00,20:30:00,True,256,256,256,2025-06-28T20:03:55,True
257,Pharmacie Al Amal 257,08:30:00,20:30:00,True,257,257,257,2024-06-14T14:47:28,True
258,Pharmacie Marrakech 258,08:30:00,20:30:00,True,258,258,258,2024-08-23T15:23:59,True
259,Pharmacie Al Salam 259,08:30:00,20:30:00,True,259,259,259,2024-12-14T09:27:38,True
260,Pharmacie Centrale 260,08:30:00,20:30:00,True,260,260,260,2025-02-03T13:42:18,True
261,Pharmacie Atlas 261,08:30:00,20:30:00,False,261,261,261,2025-03-23T15:22:28,True
262,Pharmacie Al Shifa 262,08:30:00,20:30:00,True,262,262,262,2025-05-21T20:03:04,True
263,Pharmacie Marrakech 263,08:30:00,20:30:00,True,263,263,263,2024-01-05T17:43:50,True
264,Pharmacie Al Kawtar 264,08:30:00,20:30:00,True,264,264,264,2024-02-08T20:41:23,True
265,Pharmacie Al Amal 265,08:30:00,20:30:00,False,265,265,265,2024-10-05T18:28:23,True
266,Pharmacie Al Amal 266,08:30:00,20:30:00,False,266,266,266,2024-10-05T16:23:25,True
267,Pharmacie Al Amal 267,08:30:00,20:30:00,True,267,267,267,2024-02-01T19:11:31,True
268,Pharmacie Al Salam 268,08:30:00,20:30:00,False,268,268,268,2024-05-25T12:45:28,True
269,Pharmacie Al Anouar 269,08:30:00,20:30:00,True,269,269,269,2025-04-04T10:54:04,True
270,Pharmacie Al Kawtar 270,08:30:00,20:30:00,True,270,270,270,2025-02-26T18:54:20,True
271,Pharmacie Al Amal 271,08:30:00,20:30:00,True,271,271,271,2025-05-28T10:45:45,True
272,Pharmacie Centrale 272,08:30:00,20:30:00,True,272,272,272,2024-02-07T20:08:15,True
273,Pharmacie Al Kawtar 273,08:30:00,20:30:00,True,273,273,273,2025-09-19T13:29:51,True
274,Pharmacie Al Salam 274,08:30:00,20:30:00,True,274,274,274,2024-02-10T14:45:46,True
275,Pharmacie Al Kawtar 275,08:30:00,20:30:00,False,275,275,275,2025-10-03T10:20:41,True
276,Pharmacie Ibn Sina 276,08:30:00,20:30:00,False,276,276,276,2025-11-17T13:08:56,True
277,Pharmacie Al Salam 277,08:30:00,20:30:00,True,277,277,277,2024-07-17T08:53:07,True
278,Pharmacie Al Salam 278,08:30:00,20:30:00,True,278,278,278,2025-03-06T13:59:45,True
279,Pharmacie Al Anouar 279,08:30:00,20:30:00,True,279,279,279,2025-02-09T11:40:35,True
280,Pharmacie Atlas 280,08:30:00,20:30:00,True,280,280,280,2025-10-18T09:32:41,True
281,Pharmacie Centrale 281,08:30:00,20:30:00,True,281,281,281,2024-11-20T19:57:38,True
282,Pharmacie Al Amal 282,08:30:00,20:30:00,True,282,282,282,2024-02-02T18:49:36,True
283,Pharmacie Atlas 283,08:30:00,20:30:00,True,283,283,283,2025-10-21T08:31:56,True
284,Pharmacie Al Salam 284,08:30:00,20:30:00,True,284,284,284,2025-08-08T20:51:43,True
285,Pharmacie Marrakech 285,08:30:00,20:30:00,True,285,285,285,2025-02-23T08:10:28,True
286,Pharmacie Marrakech 286,08:30:00,20:30:00,False,286,286,286,2025-04-11T17:09:20,True
287,Pharmacie Al Amal 287,08:30:00,20:30:00,True,287,287,287,2025-03-25T13:32:35,True
288,Pharmacie Ibn Sina 288,08:30:00,20:30:00,True,288,288,288,2024-08-04T12:28:15,True
289,Pharmacie Centrale 289,08:30:00,20:30:00,True,289,289,289,2024-05-13T17:26:15,True
290,Pharmacie Centrale 290,08:30:00,20:30:00,True,290,290,290,2025-04-25T10:31:32,True
291,Pharmacie Al Kawtar 291,08:30:00,20:30:00,False,291,291,291,2025-08-01T09:25:32,True
292,Pharmacie Al Kawtar 292,08:30:00,20:30:00,True,292,292,292,2024-10-12T08:03:18,True
293,Pharmacie Al Kawtar 293,08:30:00,20:30:00,False,293,293,293,2025-09-01T09:27:08,True
294,Pharmacie Atlas 294,08:30:00,20:30:00,True,294,294,294,2025-06-02T14:03:36,True
295,Pharmacie Al Salam 295,08:30:00,20:30:00,True,295,295,295,2025-09-10T09:24:32,True
296,Pharmacie Al Kawtar 296,08:30:00,20:30:00,True,296,296,296,2024-03-04T14:23:50,True
297,Pharmacie Al Amal 297,08:30:00,20:30:00,True,297,297,297,2024-04-20T16:25:32,True
298,Pharmacie Al Shifa 298,08:30:00,20:30:00,True,298,298,298,2024-03-23T13:51:30,True
299,Pharmacie Al Salam 299,08:30:00,20:30:00,False,299,299,299,2024-10-17T10:20:59,True
300,Pharmacie Anfa 300,08:30:00,20:30:00,True,300,300,300,2024-07-20T19:53:19,True
301,Pharmacie Anfa 301,08:30:00,20:30:00,True,301,301,301,2025-12-19T12:30:52,True
302,Pharmacie Al Shifa 302,08:30:00,20:30:00,True,302,302,302,2025-11-04T14:37:19,True
303,Pharmacie Al Shifa 303,08:30:00,20:30:00,False,303,303,303,2025-11-26T20:37:36,True
304,Pharmacie Al Anouar 304,08:30:00,20:30:00,True,304,304,304,2025-03-17T18:46:39,True
305,Pharmacie Marrakech 305,08:30:00,20:30:00,True,305,305,305,2024-01-19T19:07:12,True
306,Pharmacie Al Shifa 306,08:30:00,20:30:00,False,306,306,306,2025-07-05T14:44:13,True
307,Pharmacie Marrakech 307,08:30:00,20:30:00,False,307,307,307,2024-12-05T16:13:35,True
308,Pharmacie Al Amal 308,08:30:00,20:30:00,False,308,308,308,2025-06-06T15:58:34,True
309,Pharmacie Al Amal 309,08:30:00,20:30:00,True,309,309,309,2025-10-16T11:15:17,True
310,Pharmacie Al Salam 310,08:30:00,20:30:00,True,310,310,310,2024-05-25T12:45:13,True
311,Pharmacie Al Kawtar 311,08:30:00,20:30:00,True,311,311,311,2025-06-18T20:46:17,True
312,Pharmacie Atlas 312,08:30:00,20:30:00,True,312,312,312,2025-07-27T13:49:51,True
313,Pharmacie Centrale 313,08:30:00,20:30:00,True,313,313,313,2024-05-23T09:22:59,True
314,Pharmacie Al Kawtar 314,08:30:00,20:30:00,True,314,314,314,2025-04-07T16:17:59,True
315,Pharmacie Al Salam 315,08:30:00,20:30:00,True,315,315,315,2024-02-20T19:37:15,True
316,Pharmacie Al Anouar 316,08:30:00,20:30:00,True,316,316,316,2024-11-08T08:06:26,True
317,Pharmacie Al Amal 317,08:30:00,20:30:00,False,317,317,317,2024-11-25T10:00:35,True
318,Pharmacie Centrale 318,08:30:00,20:30:00,False,318,318,318,2025-08-21T11:48:18,True
319,Pharmacie Al Amal 319,08:30:00,20:30:00,True,319,319,319,2024-02-21T17:14:34,True
320,Pharmacie Al Shifa 320,08:30:00,20:30:00,True,320,320,320,2025-03-02T14:50:31,True
321,Pharmacie Centrale 321,08:30:00,20:30:00,True,321,321,321,2024-01-10T17:38:06,True
322,Pharmacie Al Amal 322,08:30:00,20:30:00,True,322,322,322,2025-11-18T16:31:56,True
323,Pharmacie Centrale 323,08:30:00,20:30:00,False,323,323,323,2025-04-26T09:21:10,True
324,Pharmacie Al Kawtar 324,08:30:00,20:30:00,True,324,324,324,2024-01-24T13:50:18,True
325,Pharmacie Anfa 325,08:30:00,20:30:00,True,325,325,325,2024-10-28T18:57:25,True
326,Pharmacie Marrakech 326,08:30:00,20:30:00,True,326,326,326,2024-07-22T09:11:08,True
327,Pharmacie Al Kawtar 327,08:30:00,20:30:00,True,327,327,327,2024-01-09T14:15:28,True
328,Pharmacie Atlas 328,08:30:00,20:30:00,True,328,328,328,2025-10-24T17:00:16,True
329,Pharmacie Al Amal 329,08:30:00,20:30:00,True,329,329,329,2024-11-04T15:19:10,True
330,Pharmacie Marrakech 330,08:30:00,20:30:00,True,330,330,330,2024-11-10T13:39:14,True
331,Pharmacie Al Anouar 331,08:30:00,20:30:00,True,331,331,331,2025-03-15T19:38:23,True
332,Pharmacie Marrakech 332,08:30:00,20:30:00,False,332,332,332,2024-04-22T20:38:55,True
333,Pharmacie Ibn Sina 333,08:30:00,20:30:00,False,333,333,333,2025-02-19T09:03:53,True
334,Pharmacie Al Salam 334,08:30:00,20:30:00,True,334,334,334,2024-03-11T16:28:07,True
335,Pharmacie Al Anouar 335,08:30:00,20:30:00,False,335,335,335,2024-09-15T20:03:29,True
336,Pharmacie Centrale 336,08:30:00,20:30:00,False,336,336,336,2025-10-02T16:29:43,True
337,Pharmacie Atlas 337,08:30:00,20:30:00,True,337,337,337,2025-05-27T08:47:13,True
338,Pharmacie Anfa 338,08:30:00,20:30:00,True,338,338,338,2024-07-12T19:04:34,True
339,Pharmacie Al Shifa 339,08:30:00,20:30:00,True,339,339,339,2025-01-10T14:11:49,True
340,Pharmacie Centrale 340,08:30:00,20:30:00,False,340,340,340,2025-07-15T14:24:05,True
341,Pharmacie Al Salam 341,08:30:00,20:30:00,True,341,341,341,2025-02-06T16:25:33,True
342,Pharmacie Centrale 342,08:30:00,20:30:00,True,342,342,342,2024-01-10T15:43:46,True
343,Pharmacie Al Salam 343,08:30:00,20:30:00,False,343,343,343,2025-04-08T15:22:09,True
344,Pharmacie Atlas 344,08:30:00,20:30:00,True,344,344,344,2024-01-26T18:26:39,True
345,Pharmacie Al Shifa 345,08:30:00,20:30:00,True,345,345,345,2024-02-04T17:02:28,True
346,Pharmacie Anfa 346,08:30:00,20:30:00,True,346,346,346,2024-12-02T14:28:14,True
347,Pharmacie Al Salam 347,08:30:00,20:30:00,True,347,347,347,2024-03-17T12:14:52,True
348,Pharmacie Anfa 348,08:30:00,20:30:00,True,348,348,348,2025-04-10T10:42:33,True
349,Pharmacie Al Anouar 349,08:30:00,20:30:00,False,349,349,349,2025-05-02T16:37:56,True
350,Pharmacie Centrale 350,08:30:00,20:30:00,False,350,350,350,2025-01-12T18:42:24,True
351,Pharmacie Al Salam 351,08:30:00,20:30:00,True,351,351,351,2025-07-05T12:24:11,True
352,Pharmacie Al Salam 352,08:30:00,20:30:00,False,352,352,352,2024-04-10T19:09:51,True
353,Pharmacie Al Kawtar 353,08:30:00,20:30:00,True,353,353,353,2025-07-18T16:08:24,True
354,Pharmacie Al Anouar 354,08:30:00,20:30:00,True,354,354,354,2024-06-21T09:59:28,True
355,Pharmacie Al Amal 355,08:30:00,20:30:00,True,355,355,355,2024-01-09T14:43:38,True
356,Pharmacie Anfa 356,08:30:00,20:30:00,True,356,356,356,2024-04-26T20:37:46,True
357,Pharmacie Al Salam 357,08:30:00,20:30:00,True,357,357,357,2025-04-28T13:19:58,True
358,Pharmacie Al Shifa 358,08:30:00,20:30:00,True,358,358,358,2024-12-04T19:48:30,True
359,Pharmacie Al Anouar 359,08:30:00,20:30:00,True,359,359,359,2025-04-18T13:49:18,True
360,Pharmacie Marrakech 360,08:30:00,20:30:00,False,360,360,360,2025-05-09T13:32:56,True
361,Pharmacie Al Kawtar 361,08:30:00,20:30:00,False,361,361,361,2024-12-16T20:53:20,True
362,Pharmacie Al Anouar 362,08:30:00,20:30:00,True,362,362,362,2025-07-02T17:55:14,True
363,Pharmacie Centrale 363,08:30:00,20:30:00,True,363,363,363,2025-09-19T17:46:26,True
364,Pharmacie Atlas 364,08:30:00,20:30:00,True,364,364,364,2024-06-08T14:36:53,True
365,Pharmacie Al Anouar 365,08:30:00,20:30:00,False,365,365,365,2025-05-25T15:46:41,True
366,Pharmacie Al Kawtar 366,08:30:00,20:30:00,False,366,366,366,2024-12-26T13:10:08,True
367,Pharmacie Al Salam 367,08:30:00,20:30:00,False,367,367,367,2024-09-21T08:33:02,True
368,Pharmacie Ibn Sina 368,08:30:00,20:30:00,True,368,368,368,2024-07-05T18:14:04,True
369,Pharmacie Centrale 369,08:30:00,20:30:00,True,369,369,369,2024-09-15T13:03:39,True
370,Pharmacie Anfa 370,08:30:00,20:30:00,False,370,370,370,2025-01-01T16:35:26,True
371,Pharmacie Al Shifa 371,08:30:00,20:30:00,True,371,371,371,2025-09-10T08:32:52,True
372,Pharmacie Marrakech 372,08:30:00,20:30:00,True,372,372,372,2024-02-17T10:15:12,True
373,Pharmacie Anfa 373,08:30:00,20:30:00,True,373,373,373,2025-05-26T14:05:23,True
374,Pharmacie Marrakech 374,08:30:00,20:30:00,False,374,374,374,2024-12-08T12:43:52,True
375,Pharmacie Ibn Sina 375,08:30:00,20:30:00,True,375,375,375,2024-07-13T14:35:30,True
376,Pharmacie Al Shifa 376,08:30:00,20:30:00,True,376,376,376,2024-02-16T14:41:50,True
377,Pharmacie Al Amal 377,08:30:00,20:30:00,True,377,377,377,2024-04-07T19:56:36,True
378,Pharmacie Al Kawtar 378,08:30:00,20:30:00,True,378,378,378,2024-02-22T12:57:34,True
379,Pharmacie Anfa 379,08:30:00,20:30:00,True,379,379,379,2024-06-01T11:37:09,True
380,Pharmacie Marrakech 380,08:30:00,20:30:00,True,380,380,380,2025-03-19T11:36:53,True
381,Pharmacie Marrakech 381,08:30:00,20:30:00,True,381,381,381,2025-12-05T20:44:46,True
382,Pharmacie Ibn Sina 382,08:30:00,20:30:00,True,382,382,382,2024-02-14T11:53:04,True
383,Pharmacie Al Amal 383,08:30:00,20:30:00,False,383,383,383,2025-01-21T12:50:28,True
384,Pharmacie Al Kawtar 384,08:30:00,20:30:00,True,384,384,384,2025-09-13T14:11:43,True
385,Pharmacie Anfa 385,08:30:00,20:30:00,False,385,385,385,2024-10-10T20:15:45,True
386,Pharmacie Ibn Sina 386,08:30:00,20:30:00,True,386,386,386,2025-03-13T19:50:40,True
387,Pharmacie Centrale 387,08:30:00,20:30:00,False,387,387,387,2025-06-04T09:00:19,True
388,Pharmacie Al Kawtar 388,08:30:00,20:30:00,True,388,388,388,2025-02-05T09:11:27,True
389,Pharmacie Al Kawtar 389,08:30:00,20:30:00,False,389,389,389,2024-01-03T13:35:05,True
390,Pharmacie Anfa 390,08:30:00,20:30:00,True,390,390,390,2025-01-10T14:24:49,True
391,Pharmacie Ibn Sina 391,08:30:00,20:30:00,True,391,391,391,2024-11-13T10:08:17,True
392,Pharmacie Atlas 392,08:30:00,20:30:00,True,392,392,392,2025-03-03T10:27:17,True
393,Pharmacie Marrakech 393,08:30:00,20:30:00,True,393,393,393,2025-02-12T12:15:46,True
394,Pharmacie Al Kawtar 394,08:30:00,20:30:00,True,394,394,394,2025-02-05T12:00:25,True
395,Pharmacie Al Amal 395,08:30:00,20:30:00,False,395,395,395,2025-08-11T14:52:52,True
396,Pharmacie Anfa 396,08:30:00,20:30:00,True,396,396,396,2025-06-20T19:12:30,True
397,Pharmacie Al Amal 397,08:30:00,20:30:00,True,397,397,397,2025-06-10T19:44:40,True
398,Pharmacie Al Kawtar 398,08:30:00,20:30:00,True,398,398,398,2025-07-09T20:25:23,True
399,Pharmacie Ibn Sina 399,08:30:00,20:30:00,True,399,399,399,2024-11-25T16:01:46,True
400,Pharmacie Al Kawtar 400,08:30:00,20:30:00,True,400,400,400,2025-05-27T19:04:52,True
401,Pharmacie Marrakech 401,08:30:00,20:30:00,False,401,401,401,2024-11-10T11:16:42,True
402,Pharmacie Centrale 402,08:30:00,20:30:00,False,402,402,402,2025-02-15T17:30:37,True
403,Pharmacie Marrakech 403,08:30:00,20:30:00,False,403,403,403,2024-06-23T20:34:38,True
404,Pharmacie Ibn Sina 404,08:30:00,20:30:00,True,404,404,404,2024-11-22T13:10:41,True
405,Pharmacie Anfa 405,08:30:00,20:30:00,True,405,405,405,2025-06-26T14:06:00,True
406,Pharmacie Ibn Sina 406,08:30:00,20:30:00,True,406,406,406,2024-09-24T16:35:37,True
407,Pharmacie Anfa 407,08:30:00,20:30:00,True,407,407,407,2025-06-13T15:49:43,True
408,Pharmacie Anfa 408,08:30:00,20:30:00,True,408,408,408,2025-01-16T09:18:26,True
409,Pharmacie Ibn Sina 409,08:30:00,20:30:00,True,409,409,409,2024-06-10T13:29:50,True
410,Pharmacie Al Anouar 410,08:30:00,20:30:00,False,410,410,410,2025-08-04T15:46:44,True
411,Pharmacie Al Kawtar 411,08:30:00,20:30:00,True,411,411,411,2024-05-02T20:45:07,True
412,Pharmacie Al Shifa 412,08:30:00,20:30:00,True,412,412,412,2024-11-26T10:59:47,True
413,Pharmacie Al Anouar 413,08:30:00,20:30:00,True,413,413,413,2024-06-18T14:29:14,True
414,Pharmacie Marrakech 414,08:30:00,20:30:00,True,414,414,414,2024-11-22T14:25:01,True
415,Pharmacie Anfa 415,08:30:00,20:30:00,True,415,415,415,2025-10-14T14:00:45,True
416,Pharmacie Al Anouar 416,08:30:00,20:30:00,True,416,416,416,2025-12-26T20:04:36,True
417,Pharmacie Ibn Sina 417,08:30:00,20:30:00,True,417,417,417,2025-06-07T15:07:16,True
418,Pharmacie Al Kawtar 418,08:30:00,20:30:00,True,418,418,418,2025-10-13T17:07:22,True
419,Pharmacie Al Amal 419,08:30:00,20:30:00,False,419,419,419,2024-11-23T20:19:58,True
420,Pharmacie Anfa 420,08:30:00,20:30:00,True,420,420,420,2024-06-04T11:19:07,True
421,Pharmacie Centrale 421,08:30:00,20:30:00,True,421,421,421,2024-09-13T14:38:08,True
422,Pharmacie Anfa 422,08:30:00,20:30:00,False,422,422,422,2025-03-16T18:34:44,True
423,Pharmacie Centrale 423,08:30:00,20:30:00,True,423,423,423,2025-05-05T10:20:53,True
424,Pharmacie Al Kawtar 424,08:30:00,20:30:00,True,424,424,424,2025-01-16T10:12:52,True
425,Pharmacie Marrakech 425,08:30:00,20:30:00,False,425,425,425,2025-11-16T14:45:53,True
426,Pharmacie Al Kawtar 426,08:30:00,20:30:00,False,426,426,426,2024-02-19T08:50:48,True
427,Pharmacie Al Anouar 427,08:30:00,20:30:00,True,427,427,427,2024-05-08T16:18:10,True
428,Pharmacie Al Kawtar 428,08:30:00,20:30:00,False,428,428,428,2024-10-04T12:49:34,True
429,Pharmacie Al Amal 429,08:30:00,20:30:00,True,429,429,429,2025-09-07T14:06:47,True
430,Pharmacie Al Anouar 430,08:30:00,20:30:00,True,430,430,430,2024-08-09T13:55:52,True
431,Pharmacie Ibn Sina 431,08:30:00,20:30:00,False,431,431,431,2024-04-07T20:47:37,True
432,Pharmacie Al Amal 432,08:30:00,20:30:00,False,432,432,432,2024-10-05T20:13:52,True
433,Pharmacie Al Anouar 433,08:30:00,20:30:00,True,433,433,433,2025-09-09T17:34:10,True
434,Pharmacie Al Amal 434,08:30:00,20:30:00,True,434,434,434,2025-10-09T16:57:43,True
435,Pharmacie Ibn Sina 435,08:30:00,20:30:00,True,435,435,435,2025-01-09T18:08:44,True
436,Pharmacie Centrale 436,08:30:00,20:30:00,True,436,436,436,2024-12-11T11:48:53,True
437,Pharmacie Marrakech 437,08:30:00,20:30:00,False,437,437,437,2024-10-21T12:40:26,True
438,Pharmacie Marrakech 438,08:30:00,20:30:00,False,438,438,438,2024-11-26T20:05:25,True
439,Pharmacie Al Salam 439,08:30:00,20:30:00,True,439,439,439,2025-08-16T13:37:00,True
440,Pharmacie Ibn Sina 440,08:30:00,20:30:00,False,440,440,440,2025-02-26T16:25:13,True
441,Pharmacie Marrakech 441,08:30:00,20:30:00,True,441,441,441,2025-05-11T12:21:35,True
442,Pharmacie Anfa 442,08:30:00,20:30:00,True,442,442,442,2025-06-22T20:03:02,True
443,Pharmacie Ibn Sina 443,08:30:00,20:30:00,False,443,443,443,2024-02-28T10:28:29,True
444,Pharmacie Al Shifa 444,08:30:00,20:30:00,False,444,444,444,2024-12-05T18:19:10,True
445,Pharmacie Atlas 445,08:30:00,20:30:00,True,445,445,445,2025-05-03T13:42:57,True
446,Pharmacie Centrale 446,08:30:00,20:30:00,True,446,446,446,2025-11-10T19:44:48,True
447,Pharmacie Al Anouar 447,08:30:00,20:30:00,False,447,447,447,2024-12-04T08:13:30,True
448,Pharmacie Ibn Sina 448,08:30:00,20:30:00,True,448,448,448,2024-09-22T15:00:00,True
449,Pharmacie Al Amal 449,08:30:00,20:30:00,True,449,449,449,2025-12-05T15:04:14,True
450,Pharmacie Marrakech 450,08:30:00,20:30:00,True,450,450,450,2024-02-11T13:56:19,True
451,Pharmacie Centrale 451,08:30:00,20:30:00,False,451,451,451,2024-11-22T10:04:33,True
452,Pharmacie Anfa 452,08:30:00,20:30:00,True,452,452,452,2024-08-12T19:13:40,True
453,Pharmacie Centrale 453,08:30:00,20:30:00,False,453,453,453,2025-04-03T09:08:48,True
454,Pharmacie Ibn Sina 454,08:30:00,20:30:00,False,454,454,454,2025-07-11T20:08:15,True
455,Pharmacie Atlas 455,08:30:00,20:30:00,True,455,455,455,2024-09-20T17:46:38,True
456,Pharmacie Atlas 456,08:30:00,20:30:00,True,456,456,456,2025-04-17T17:32:12,True
457,Pharmacie Marrakech 457,08:30:00,20:30:00,True,457,457,457,2024-04-16T14:07:15,True
458,Pharmacie Al Kawtar 458,08:30:00,20:30:00,True,458,458,458,2024-06-11T10:24:55,True
459,Pharmacie Anfa 459,08:30:00,20:30:00,False,459,459,459,2025-09-22T10:48:30,True
460,Pharmacie Ibn Sina 460,08:30:00,20:30:00,True,460,460,460,2024-01-09T11:02:59,True
461,Pharmacie Al Shifa 461,08:30:00,20:30:00,False,461,461,461,2025-11-23T16:49:26,True
462,Pharmacie Marrakech 462,08:30:00,20:30:00,False,462,462,462,2024-11-18T16:39:09,True
463,Pharmacie Atlas 463,08:30:00,20:30:00,True,463,463,463,2025-02-17T11:51:09,True
464,Pharmacie Al Salam 464,08:30:00,20:30:00,True,464,464,464,2025-10-21T20:53:41,True
465,Pharmacie Ibn Sina 465,08:30:00,20:30:00,True,465,465,465,2025-12-28T11:03:15,True
466,Pharmacie Ibn Sina 466,08:30:00,20:30:00,False,466,466,466,2024-08-20T17:03:19,True
467,Pharmacie Centrale 467,08:30:00,20:30:00,True,467,467,467,2024-12-05T19:00:10,True
468,Pharmacie Al Kawtar 468,08:30:00,20:30:00,True,468,468,468,2025-03-12T10:47:49,True
469,Pharmacie Atlas 469,08:30:00,20:30:00,True,469,469,469,2024-06-26T14:17:33,True
470,Pharmacie Ibn Sina 470,08:30:00,20:30:00,True,470,470,470,2024-08-15T16:23:03,True
471,Pharmacie Al Kawtar 471,08:30:00,20:30:00,True,471,471,471,2025-03-09T20:06:57,True
472,Pharmacie Anfa 472,08:30:00,20:30:00,True,472,472,472,2024-12-17T08:02:54,True
473,Pharmacie Al Shifa 473,08:30:00,20:30:00,True,473,473,473,2024-08-12T14:58:09,True
474,Pharmacie Centrale 474,08:30:00,20:30:00,True,474,474,474,2025-04-11T11:26:58,True
475,Pharmacie Al Amal 475,08:30:00,20:30:00,True,475,475,475,2024-10-12T09:32:43,True
476,Pharmacie Al Shifa 476,08:30:00,20:30:00,True,476,476,476,2024-09-02T14:04:56,True
477,Pharmacie Al Kawtar 477,08:30:00,20:30:00,True,477,477,477,2025-06-03T16:29:00,True
478,Pharmacie Al Amal 478,08:30:00,20:30:00,True,478,478,478,2025-10-26T12:47:39,True
479,Pharmacie Al Anouar 479,08:30:00,20:30:00,False,479,479,479,2025-10-16T20:49:12,True
480,Pharmacie Al Salam 480,08:30:00,20:30:00,True,480,480,480,2024-01-14T08:14:34,True
481,Pharmacie Al Amal 481,08:30:00,20:30:00,True,481,481,481,2025-01-25T18:24:54,True
482,Pharmacie Atlas 482,08:30:00,20:30:00,True,482,482,482,2024-09-08T14:31:03,True
483,Pharmacie Centrale 483,08:30:00,20:30:00,True,483,483,483,2024-01-08T16:26:44,True
484,Pharmacie Al Amal 484,08:30:00,20:30:00,False,484,484,484,2024-10-04T16:08:40,True
485,Pharmacie Marrakech 485,08:30:00,20:30:00,True,485,485,485,2024-07-22T10:15:18,True
486,Pharmacie Atlas 486,08:30:00,20:30:00,True,486,486,486,2025-12-27T19:20:20,True
487,Pharmacie Al Kawtar 487,08:30:00,20:30:00,True,487,487,487,2024-02-07T10:49:49,True
488,Pharmacie Anfa 488,08:30:00,20:30:00,True,488,488,488,2024-02-06T15:29:20,True
489,Pharmacie Marrakech 489,08:30:00,20:30:00,True,489,489,489,2025-04-15T12:29:16,True
490,Pharmacie Ibn Sina 490,08:30:00,20:30:00,True,490,490,490,2024-11-10T19:44:38,True
491,Pharmacie Al Shifa 491,08:30:00,20:30:00,True,491,491,491,2025-03-03T19:15:22,True
492,Pharmacie Marrakech 492,08:30:00,20:30:00,True,492,492,492,2025-05-27T10:01:25,True
493,Pharmacie Al Kawtar 493,08:30:00,20:30:00,True,493,493,493,2024-08-04T20:50:08,True
494,Pharmacie Ibn Sina 494,08:30:00,20:30:00,True,494,494,494,2024-04-05T11:52:25,True
495,Pharmacie Al Amal 495,08:30:00,20:30:00,True,495,495,495,2025-02-01T09:12:57,True
496,Pharmacie Al Kawtar 496,08:30:00,20:30:00,True,496,496,496,2024-06-04T08:29:03,True
497,Pharmacie Centrale 497,08:30:00,20:30:00,False,497,497,497,2025-08-01T14:43:27,True
498,Pharmacie Centrale 498,08:30:00,20:30:00,True,498,498,498,2024-03-09T12:28:56,True
499,Pharmacie Centrale 499,08:30:00,20:30:00,True,499,499,499,2024-11-10T15:26:56,True
500,Pharmacie Al Salam 500,08:30:00,20:30:00,False,500,500,500,2024-02-09T14:08:26,True
501,Pharmacie Al Anouar 501,08:30:00,20:30:00,True,501,501,501,2024-07-26T19:22:30,True
502,Pharmacie Al Salam 502,08:30:00,20:30:00,False,502,502,502,2025-10-17T13:24:17,True
503,Pharmacie Centrale 503,08:30:00,20:30:00,True,503,503,503,2025-10-08T08:57:51,True
504,Pharmacie Atlas 504,08:30:00,20:30:00,True,504,504,504,2025-09-12T20:37:14,True
505,Pharmacie Centrale 505,08:30:00,20:30:00,True,505,505,505,2024-11-08T12:34:52,True
506,Pharmacie Al Shifa 506,08:30:00,20:30:00,True,506,506,506,2025-06-27T10:11:15,True
507,Pharmacie Anfa 507,08:30:00,20:30:00,True,507,507,507,2025-10-01T19:44:22,True
508,Pharmacie Anfa 508,08:30:00,20:30:00,True,508,508,508,2024-08-18T12:11:31,True
509,Pharmacie Al Shifa 509,08:30:00,20:30:00,True,509,509,509,2024-04-20T11:01:33,True
510,Pharmacie Al Kawtar 510,08:30:00,20:30:00,True,510,510,510,2025-10-07T20:08:21,True
511,Pharmacie Centrale 511,08:30:00,20:30:00,True,511,511,511,2024-01-05T17:45:58,True
512,Pharmacie Centrale 512,08:30:00,20:30:00,True,512,512,512,2025-02-12T19:42:25,True
513,Pharmacie Anfa 513,08:30:00,20:30:00,True,513,513,513,2025-05-11T10:10:46,True
514,Pharmacie Marrakech 514,08:30:00,20:30:00,False,514,514,514,2025-03-23T16:44:56,True
515,Pharmacie Anfa 515,08:30:00,20:30:00,True,515,515,515,2024-11-19T10:24:19,True
516,Pharmacie Atlas 516,08:30:00,20:30:00,True,516,516,516,2024-12-01T19:36:25,True
517,Pharmacie Anfa 517,08:30:00,20:30:00,True,517,517,517,2024-10-11T20:39:14,True
518,Pharmacie Anfa 518,08:30:00,20:30:00,True,518,518,518,2025-03-11T19:04:15,True
519,Pharmacie Al Amal 519,08:30:00,20:30:00,True,519,519,519,2024-11-03T19:42:40,True
520,Pharmacie Al Amal 520,08:30:00,20:30:00,False,520,520,520,2024-05-07T11:44:04,True
521,Pharmacie Al Amal 521,08:30:00,20:30:00,True,521,521,521,2024-12-01T08:24:28,True
522,Pharmacie Marrakech 522,08:30:00,20:30:00,True,522,522,522,2025-08-13T13:34:24,True
523,Pharmacie Ibn Sina 523,08:30:00,20:30:00,False,523,523,523,2024-03-15T09:51:54,True
524,Pharmacie Al Shifa 524,08:30:00,20:30:00,True,524,524,524,2024-06-09T09:04:21,True
525,Pharmacie Centrale 525,08:30:00,20:30:00,False,525,525,525,2024-12-03T16:57:05,True
526,Pharmacie Al Amal 526,08:30:00,20:30:00,False,526,526,526,2024-07-21T10:38:56,True
527,Pharmacie Marrakech 527,08:30:00,20:30:00,True,527,527,527,2024-02-11T11:12:26,True
528,Pharmacie Al Salam 528,08:30:00,20:30:00,True,528,528,528,2025-05-08T09:03:25,True
529,Pharmacie Anfa 529,08:30:00,20:30:00,False,529,529,529,2024-01-12T08:27:05,True
530,Pharmacie Atlas 530,08:30:00,20:30:00,False,530,530,530,2024-02-01T11:10:40,True
531,Pharmacie Atlas 531,08:30:00,20:30:00,True,531,531,531,2025-02-10T20:25:30,True
532,Pharmacie Al Kawtar 532,08:30:00,20:30:00,True,532,532,532,2024-11-18T14:11:23,True
533,Pharmacie Marrakech 533,08:30:00,20:30:00,True,533,533,533,2024-08-02T12:28:29,True
534,Pharmacie Atlas 534,08:30:00,20:30:00,True,534,534,534,2025-10-02T10:48:44,True
535,Pharmacie Ibn Sina 535,08:30:00,20:30:00,True,535,535,535,2025-09-14T20:37:14,True
536,Pharmacie Al Salam 536,08:30:00,20:30:00,True,536,536,536,2025-09-14T16:43:55,True
537,Pharmacie Al Kawtar 537,08:30:00,20:30:00,True,537,537,537,2025-05-03T14:57:54,True
538,Pharmacie Al Shifa 538,08:30:00,20:30:00,True,538,538,538,2024-08-06T10:13:51,True
539,Pharmacie Al Anouar 539,08:30:00,20:30:00,True,539,539,539,2024-07-03T18:27:12,True
540,Pharmacie Centrale 540,08:30:00,20:30:00,True,540,540,540,2025-12-26T09:05:24,True
541,Pharmacie Al Salam 541,08:30:00,20:30:00,False,541,541,541,2025-05-17T15:58:55,True
542,Pharmacie Al Shifa 542,08:30:00,20:30:00,False,542,542,542,2024-07-05T10:36:37,True
543,Pharmacie Anfa 543,08:30:00,20:30:00,True,543,543,543,2024-10-25T09:50:18,True
544,Pharmacie Al Salam 544,08:30:00,20:30:00,True,544,544,544,2025-05-13T18:31:36,True
545,Pharmacie Anfa 545,08:30:00,20:30:00,False,545,545,545,2024-03-09T14:09:39,True
546,Pharmacie Anfa 546,08:30:00,20:30:00,False,546,546,546,2024-07-11T19:15:03,True
547,Pharmacie Al Kawtar 547,08:30:00,20:30:00,True,547,547,547,2025-01-11T20:19:19,True
548,Pharmacie Atlas 548,08:30:00,20:30:00,False,548,548,548,2024-04-05T12:47:28,True
549,Pharmacie Al Amal 549,08:30:00,20:30:00,True,549,549,549,2025-10-21T09:12:28,True
550,Pharmacie Al Anouar 550,08:30:00,20:30:00,False,550,550,550,2025-09-28T13:52:03,True
